strain,E1,gene,snp,cross.tolerance
ZnBM12,Zn,ACC1*,ACC1_chrXIV_660428,0.031605594012125900
ZnBM15,Zn,ACC1*,ACC1_chrXIV_660428,0.052923543065741600
NiBM24,Ni,BSD2,BSD2_chrII_783212,0.04488998402006160
NiBM11,Ni,BSD2,BSD2_chrII_783400,0.05595070995882230
ZnBM11,Zn,BSD2,BSD2_chrII_783400,0.055706513801823100
MnBM21,Mn,CDC25,CDC25_chrXII_752946,-9,01E+10
MnBM25,Mn,CDC25,CDC25_chrXII_753045,0.03893408239514130
MnBM18,Mn,CDC25,CDC25_chrXII_753381,0.012924789473123300
MnBM23,Mn,CDC25,CDC25_chrXII_755637,0.030107232293167600
MnBM23,Mn,CDC25,CDC25_chrXII_755641,0.030107232293167600
MnBM24,Mn,CDC25,CDC25_chrXII_755784,0.011251011238870100
MnBM24,Mn,CDC25,CDC25_chrXII_755785,0.011251011238870100
MnBM24,Mn,CDC25,CDC25_chrXII_755790,0.011251011238870100
MnBM27,Mn,CDC25,CDC25_chrXII_755841,-0.0062486774922894900
MnBM20,Mn,CDC25,CDC25_chrXII_755855,-0.004583637086367590
MnBM20,Mn,CDC25,CDC25_chrXII_755857,-0.004583637086367590
MnBM15,Mn,CDC25,CDC25_chrXII_755928,0.011379586405309800
MnBM32,Mn,CDC25,CDC25_chrXII_756549,0.02468597697212010
CdBM45,Cd,chrI,chrI,0.04736596182104240
MnBM39,Mn,chrI,chrI,0.038026992664752400
NiBM6,Ni,chrI,chrI,0.00749809687866646
ZnBM19,Zn,chrI,chrI,0.030942926370810200
ZnBM44,Zn,chrI,chrI,0.022361323500641400
CdBM37,Cd,chrII,chrII,0.042643563389621600
CdBM39,Cd,chrII,chrII,0.020379632862203400
CdBM44,Cd,chrII,chrII,0.028225659943019000
MnBM39,Mn,chrII,chrII,0.038026992664752400
ZnBM23,Zn,chrII,chrII,0.11189328845823800
ZnBM38,Zn,chrII,chrII,0.06406629347708680
ZnBM39,Zn,chrII,chrII,0.051638467001939100
CdBM37,Cd,chrIII,chrIII,0.042643563389621600
CdBM45,Cd,chrIII,chrIII,0.04736596182104240
CdBM37,Cd,chrIV,chrIV,0.042643563389621600
CdBM39,Cd,chrIV,chrIV,0.020379632862203400
MnBM39,Mn,chrV,chrV,0.038026992664752400
CdBM45,Cd,chrVI,chrVI,0.04736596182104240
NiBM6,Ni,chrVII,chrVII,0.00749809687866646
ZnBM47,Zn,chrX,chrX,0.020220282424959700
CoBM2,Co,chrXIII,chrXIII,0.07062020222742260
NiBM12,Ni,chrXIII,chrXIII,0.025158028296168300
NiBM14,Ni,chrXIII,chrXIII,0.024977023320530800
NiBM16,Ni,chrXIII,chrXIII,0.05689478503082910
NiBM29,Ni,chrXIII,chrXIII,0.014725488425594100
NiBM8,Ni,chrXIII,chrXIII,0.02676787712883420
ZnBM29,Zn,chrXIII,chrXIII,0.06105654368824640
ZnBM41,Zn,chrXIII,chrXIII,0.052947819983301200
ZnBM43,Zn,chrXIII,chrXIII,0.032573633976055600
ZnBM47,Zn,chrXIII,chrXIII,0.020220282424959700
NiBM12,Ni,chrXIV,chrXIV,0.025158028296168300
NiBM14,Ni,chrXIV,chrXIV,0.024977023320530800
NiBM16,Ni,chrXIV,chrXIV,0.05689478503082910
NiBM29,Ni,chrXIV,chrXIV,0.014725488425594100
NiBM6,Ni,chrXIV,chrXIV,0.00749809687866646
CuBM11,Cu,CUP,CUP,0.03464861773475980
CuBM14,Cu,CUP,CUP,0.027660126870367200
CuBM15,Cu,CUP,CUP,0.023337485671737200
CuBM17,Cu,CUP,CUP,0.03180224938309500
CuBM18,Cu,CUP,CUP,0.03384269876280260
CuBM7,Cu,CUP,CUP,0.04097886215306360
CuBM9,Cu,CUP,CUP,0.03793127751318410
CuBM6,Cu,DNF1,DNF1_chrV_513891,0.029679345292469400
CdBM30,Cd,DNF1,DNF1_chrV_516594,0.016716432623224200
CdBM32,Cd,FET4,FET4_chrXIII_912911,0.003842297878013190
CdBM42,Cd,FET4,FET4_chrXIII_914235,0.0723530941561708
MnBM13,Mn,FYV10,FYV10_chrIX_181615,0.004920919437582480
CoBM3,Co,FYV10,FYV10_chrIX_181770,0.07033126571555360
CoBM1,Co,HHF2*,HHF2_chrXIV_577027,0.06928537894092490
ZnBM38,Zn,HHF2*,HHF2_chrXIV_577027,0.06406629347708680
MnBM42,Mn,HUL5,HUL5_chrVII_239990,0.016708303418600000
CdBM45,Cd,HUL5,HUL5_chrVII_240693,0.04736596182104240
CdBM46,Cd,HUL5,HUL5_chrVII_240693,0.044413876784527100
CdBM47,Cd,HUL5,HUL5_chrVII_240693,0.0701281571331239
CdBM30,Cd,HUL5,HUL5_chrVII_240739,0.016716432623224200
CoBM12,Co,KSP1,KSP1_chrVIII_268511,0.03393368904101390
CuBM9,Cu,KSP1,KSP1_chrVIII_271417,0.03793127751318410
CdBM23,Cd,KTR3*,KTR3_chrII_634214,0.04081021486320350
CdBM43,Cd,KTR3*,KTR3_chrII_634214,0.031634261097035500
MnBM13,Mn,MAM3,MAM3_chrXV_214417,0.004920919437582480
MnBM31,Mn,MAM3,MAM3_chrXV_214417,0.02382230080264870
MnBM16,Mn,MAM3,MAM3_chrXV_214928,0.0023201177578221000
MnBM17,Mn,MAM3,MAM3_chrXV_215066,0.014978640659561300
CoBM12,Co,MAM3,MAM3_chrXV_215342,0.03393368904101390
CoBM18,Co,MAM3,MAM3_chrXV_215920,0.041329363657619900
MnBM32,Mn,MSS2,MSS2_chrIV_269200,0.02468597697212010
MnBM14,Mn,MSS2,MSS2_chrIV_269955,0.032789809489934100
ZnBM23,Zn,PBS2,PBS2_chrX_178468,0.11189328845823800
ZnBM39,Zn,PBS2,PBS2_chrX_178937,0.051638467001939100
MnBM12,Mn,PDR10,PDR10_chrXV_932506,0.016937280892896200
MnBM25,Mn,PDR10,PDR10_chrXV_934229,0.03893408239514130
CoBM1,Co,petite,petite,0.06928537894092490
CoBM12,Co,petite,petite,0.03393368904101390
CoBM14,Co,petite,petite,0.02644188937722670
CoBM15,Co,petite,petite,0.045834622131128200
CoBM16,Co,petite,petite,0.03574532444769230
CoBM17,Co,petite,petite,0.05973425593761020
CoBM18,Co,petite,petite,0.041329363657619900
CoBM2,Co,petite,petite,0.07062020222742260
CoBM20,Co,petite,petite,0.06061915363291440
CoBM21,Co,petite,petite,0.010005448275822000
CoBM3,Co,petite,petite,0.07033126571555360
CoBM4,Co,petite,petite,0.030567068986242500
CoBM5,Co,petite,petite,0.07410031531726810
CoBM6,Co,petite,petite,0.07124293983571990
CoBM7,Co,petite,petite,0.09702994240116470
CoBM8,Co,petite,petite,0.09945282072834630
CuBM14,Cu,petite,petite,0.027660126870367200
CuBM17,Cu,petite,petite,0.03180224938309500
CuBM3,Cu,petite,petite,0.042056545874428700
MnBM12,Mn,petite,petite,0.016937280892896200
MnBM13,Mn,petite,petite,0.004920919437582480
MnBM14,Mn,petite,petite,0.032789809489934100
MnBM16,Mn,petite,petite,0.0023201177578221000
MnBM17,Mn,petite,petite,0.014978640659561300
MnBM20,Mn,petite,petite,-0.004583637086367590
MnBM23,Mn,petite,petite,0.030107232293167600
MnBM25,Mn,petite,petite,0.03893408239514130
MnBM27,Mn,petite,petite,-0.0062486774922894900
MnBM28,Mn,petite,petite,-0.003697802529363990
MnBM29,Mn,petite,petite,0.011423450702411700
MnBM31,Mn,petite,petite,0.02382230080264870
MnBM32,Mn,petite,petite,0.02468597697212010
MnBM34,Mn,petite,petite,0.02066662602255120
MnBM39,Mn,petite,petite,0.038026992664752400
MnBM42,Mn,petite,petite,0.016708303418600000
MnBM44,Mn,petite,petite,0.04063356426016920
NiBM24,Ni,petite,petite,0.04488998402006160
NiBM4,Ni,petite,petite,0.029593520592119400
NiBM4,Ni,PHO84,PHO84_chrXIII_24560,0.029593520592119400
NiBM11,Ni,PHO84,PHO84_chrXIII_25111,0.05595070995882230
ZnBM11,Zn,PHO84,PHO84_chrXIII_25111,0.055706513801823100
CoBM1,Co,PHO84,PHO84_chrXIII_25178,0.06928537894092490
ZnBM38,Zn,PHO84,PHO84_chrXIII_25178,0.06406629347708680
ZnBM42,Zn,PHO84,PHO84_chrXIII_25233,0.03943980567078240
NiBM9,Ni,PHO84,PHO84_chrXIII_25469,0.03799488957869200
ZnBM37,Zn,PMA1,PMA1_chrVII_479933,0.023429646148070900
ZnBM45,Zn,PMA1,PMA1_chrVII_480320,0.020754071808626300
ZnBM46,Zn,PMA1,PMA1_chrVII_480320,0.05939157105011820
ZnBM29,Zn,PMA1,PMA1_chrVII_480586,0.06105654368824640
CoBM21,Co,PMA1,PMA1_chrVII_481133,0.010005448275822000
ZnBM41,Zn,PMA1,PMA1_chrVII_482054,0.052947819983301200
CoBM7,Co,PMA1,PMA1_chrVII_482195,0.09702994240116470
CuBM3,Cu,PMA1,PMA1_chrVII_482217,0.042056545874428700
ZnBM17,Zn,PMA1,PMA1_chrVII_482300,0.05055167736384150
CdBM39,Cd,PPQ1,PPQ1_chrXVI_208936,0.020379632862203400
MnBM42,Mn,PPQ1,PPQ1_chrXVI_208977,0.016708303418600000
NiBM6,Ni,PRP8,PRP8_chrVIII_432396,0.00749809687866646
NiBM4,Ni,PRP8,PRP8_chrVIII_436626,0.029593520592119400
ZnBM47,Zn,PTK2,PTK2_chrX_546347,0.020220282424959700
ZnBM43,Zn,PTK2,PTK2_chrX_546698,0.032573633976055600
ZnBM43,Zn,PTK2,PTK2_chrX_546700,0.032573633976055600
CoBM8,Co,PTK2,PTK2_chrX_547433,0.09945282072834630
CoBM8,Co,PTK2,PTK2_chrX_547441,0.09945282072834630
CoBM4,Co,RKM3*,RKM3_chrII_299270,0.030567068986242500
NiBM24,Ni,RKM3*,RKM3_chrII_299270,0.04488998402006160
MnBM39,Mn,RRP46*,RRP46_chrVII_675732,0.038026992664752400
ZnBM17,Zn,RRP46*,RRP46_chrVII_675732,0.05055167736384150
CuBM10,Cu,RSE1*,RSE1_chrXIII_176494,0.034212764222866600
CuBM12,Cu,RSE1*,RSE1_chrXIII_176494,0.042499261222970600
CuBM13,Cu,RSE1*,RSE1_chrXIII_176494,0.0659556115076519
CuBM4,Cu,RSE1*,RSE1_chrXIII_176494,0.03991909427329230
ZnBM45,Zn,SAK1*,SAK1_chrV_418015,0.020754071808626300
ZnBM46,Zn,SAK1*,SAK1_chrV_418015,0.05939157105011820
CdBM29,Cd,SFP1,SFP1_chrXII_926537,0.03292694644533670
CdBM30,Cd,SFP1,SFP1_chrXII_927434,0.016716432623224200
CoBM7,Co,SFP1,SFP1_chrXII_927464,0.09702994240116470
CdBM25,Cd,SFP1,SFP1_chrXII_927603,0.03906312270938550
CoBM2,Co,SIW14,SIW14_chrXIV_574713,0.07062020222742260
CoBM20,Co,SIW14,SIW14_chrXIV_574928,0.06061915363291440
CoBM20,Co,SIW14,SIW14_chrXIV_574936,0.06061915363291440
CoBM17,Co,SIW14,SIW14_chrXIV_575008,0.05973425593761020
CoBM16,Co,SIW14,SIW14_chrXIV_575167,0.03574532444769230
CoBM18,Co,SIW14,SIW14_chrXIV_575229,0.041329363657619900
ZnBM41,Zn,SNT2,SNT2_chrVII_263930,0.052947819983301200
MnBM42,Mn,SNT2,SNT2_chrVII_264038,0.016708303418600000
CuBM11,Cu,TFG1*,TFG1_chrVII_869872,0.03464861773475980
CuBM14,Cu,TFG1*,TFG1_chrVII_869872,0.027660126870367200
CuBM17,Cu,TFG1*,TFG1_chrVII_869872,0.03180224938309500
CuBM18,Cu,TFG1*,TFG1_chrVII_869872,0.03384269876280260
CuBM7,Cu,TFG1*,TFG1_chrVII_869872,0.04097886215306360
CuBM9,Cu,TFG1*,TFG1_chrVII_869872,0.03793127751318410
MnBM42,Mn,TOM1,TOM1_chrIV_1371088,0.016708303418600000
CoBM15,Co,TOM1,TOM1_chrIV_1375220,0.045834622131128200
MnBM28,Mn,VCX1,VCX1_chrIV_233157,-0.003697802529363990
MnBM12,Mn,VCX1,VCX1_chrIV_233168,0.016937280892896200
MnBM29,Mn,VCX1,VCX1_chrIV_233168,0.011423450702411700
MnBM14,Mn,VCX1,VCX1_chrIV_233180,0.032789809489934100
CoBM8,Co,VTC1,VTC1_chrV_302912,0.09945282072834630
CoBM5,Co,VTC1,VTC1_chrV_303000,0.07410031531726810
CoBM3,Co,VTC4,VTC4_chrX_411818,0.07033126571555360
CoBM3,Co,VTC4,VTC4_chrX_411821,0.07033126571555360
CoBM2,Co,VTC4,VTC4_chrX_412379,0.07062020222742260
CoBM6,Co,VTC4,VTC4_chrX_413090,0.07124293983571990
MnBM42,Mn,YOR1,YOR1_chrVII_1053072,0.016708303418600000
CdBM32,Cd,YOR1,YOR1_chrVII_1053612,0.003842297878013190
MnBM14,Mn,YOR1,YOR1_chrVII_1055438,0.032789809489934100
CdBM23,Cd,YRB2*,YRB2_chrIX_243630,0.04081021486320350
CdBM43,Cd,YRB2*,YRB2_chrIX_243630,0.031634261097035500