CHROM	POS
ref|NC_001133|	37834
ref|NC_001133|	38041
ref|NC_001133|	40593
ref|NC_001133|	48206
ref|NC_001133|	48640
ref|NC_001133|	66785
ref|NC_001133|	112637
ref|NC_001133|	113278
ref|NC_001134|	17571
ref|NC_001134|	112395
ref|NC_001134|	243326
ref|NC_001134|	299270
ref|NC_001134|	421076
ref|NC_001134|	442065
ref|NC_001134|	467332
ref|NC_001134|	484228
ref|NC_001134|	537159
ref|NC_001134|	579318
ref|NC_001134|	634214
ref|NC_001134|	682726
ref|NC_001134|	683908
ref|NC_001134|	749280
ref|NC_001134|	783212
ref|NC_001134|	783400
ref|NC_001135|	66139
ref|NC_001135|	76154
ref|NC_001135|	76159
ref|NC_001135|	193474
ref|NC_001135|	223643
ref|NC_001135|	265691
ref|NC_001135|	270029
ref|NC_001135|	275091
ref|NC_001135|	288718
ref|NC_001136|	23136
ref|NC_001136|	46589
ref|NC_001136|	58214
ref|NC_001136|	85469
ref|NC_001136|	157116
ref|NC_001136|	178021
ref|NC_001136|	233157
ref|NC_001136|	233168
ref|NC_001136|	233180
ref|NC_001136|	249010
ref|NC_001136|	269200
ref|NC_001136|	269955
ref|NC_001136|	273879
ref|NC_001136|	277623
ref|NC_001136|	305733
ref|NC_001136|	334907
ref|NC_001136|	417674
ref|NC_001136|	522083
ref|NC_001136|	587104
ref|NC_001136|	660940
ref|NC_001136|	694840
ref|NC_001136|	726227
ref|NC_001136|	817301
ref|NC_001136|	864180
ref|NC_001136|	867413
ref|NC_001136|	896208
ref|NC_001136|	974680
ref|NC_001136|	1005804
ref|NC_001136|	1083280
ref|NC_001136|	1086043
ref|NC_001136|	1089472
ref|NC_001136|	1178933
ref|NC_001136|	1221843
ref|NC_001136|	1237754
ref|NC_001136|	1329113
ref|NC_001136|	1371088
ref|NC_001136|	1375220
ref|NC_001136|	1381715
ref|NC_001136|	1523306
ref|NC_001137|	22913
ref|NC_001137|	76333
ref|NC_001137|	159636
ref|NC_001137|	164204
ref|NC_001137|	247483
ref|NC_001137|	266649
ref|NC_001137|	270774
ref|NC_001137|	302912
ref|NC_001137|	303000
ref|NC_001137|	304100
ref|NC_001137|	334086
ref|NC_001137|	418015
ref|NC_001137|	459312
ref|NC_001137|	485939
ref|NC_001137|	500260
ref|NC_001137|	513891
ref|NC_001137|	516594
ref|NC_001137|	533465
ref|NC_001137|	546977
ref|NC_001137|	553782
ref|NC_001138|	58389
ref|NC_001138|	96312
ref|NC_001138|	127204
ref|NC_001138|	216146
ref|NC_001138|	217643
ref|NC_001138|	221115
ref|NC_001138|	245165
ref|NC_001139|	21582
ref|NC_001139|	22857
ref|NC_001139|	65388
ref|NC_001139|	80104
ref|NC_001139|	105696
ref|NC_001139|	163625
ref|NC_001139|	232669
ref|NC_001139|	239990
ref|NC_001139|	240693
ref|NC_001139|	240739
ref|NC_001139|	259225
ref|NC_001139|	263930
ref|NC_001139|	264038
ref|NC_001139|	278292
ref|NC_001139|	279126
ref|NC_001139|	302721
ref|NC_001139|	336233
ref|NC_001139|	372520
ref|NC_001139|	444280
ref|NC_001139|	454170
ref|NC_001139|	470618
ref|NC_001139|	479933
ref|NC_001139|	480320
ref|NC_001139|	480586
ref|NC_001139|	481133
ref|NC_001139|	482054
ref|NC_001139|	482195
ref|NC_001139|	482217
ref|NC_001139|	482300
ref|NC_001139|	550683
ref|NC_001139|	559830
ref|NC_001139|	602841
ref|NC_001139|	613265
ref|NC_001139|	644958
ref|NC_001139|	675732
ref|NC_001139|	748798
ref|NC_001139|	749839
ref|NC_001139|	750554
ref|NC_001139|	775395
ref|NC_001139|	806709
ref|NC_001139|	848366
ref|NC_001139|	869872
ref|NC_001139|	885051
ref|NC_001139|	957826
ref|NC_001139|	1047684
ref|NC_001139|	1053072
ref|NC_001139|	1053612
ref|NC_001139|	1055438
ref|NC_001139|	1068655
ref|NC_001140|	47582
ref|NC_001140|	63926
ref|NC_001140|	66824
ref|NC_001140|	158818
ref|NC_001140|	211267
ref|NC_001140|	219699
ref|NC_001140|	226595
ref|NC_001140|	237545
ref|NC_001140|	240532
ref|NC_001140|	268511
ref|NC_001140|	271417
ref|NC_001140|	278622
ref|NC_001140|	369079
ref|NC_001140|	373427
ref|NC_001140|	378250
ref|NC_001140|	407313
ref|NC_001140|	407513
ref|NC_001140|	432396
ref|NC_001140|	436626
ref|NC_001140|	484871
ref|NC_001141|	38717
ref|NC_001141|	110175
ref|NC_001141|	124369
ref|NC_001141|	137759
ref|NC_001141|	165562
ref|NC_001141|	181615
ref|NC_001141|	181770
ref|NC_001141|	243630
ref|NC_001141|	266383
ref|NC_001141|	269753
ref|NC_001141|	275280
ref|NC_001141|	374079
ref|NC_001141|	411668
ref|NC_001142|	37037
ref|NC_001142|	40977
ref|NC_001142|	76405
ref|NC_001142|	103711
ref|NC_001142|	145859
ref|NC_001142|	170952
ref|NC_001142|	178468
ref|NC_001142|	178937
ref|NC_001142|	270084
ref|NC_001142|	277922
ref|NC_001142|	325172
ref|NC_001142|	334668
ref|NC_001142|	340621
ref|NC_001142|	342637
ref|NC_001142|	362671
ref|NC_001142|	411818
ref|NC_001142|	411821
ref|NC_001142|	412379
ref|NC_001142|	413090
ref|NC_001142|	498452
ref|NC_001142|	522532
ref|NC_001142|	546347
ref|NC_001142|	546698
ref|NC_001142|	546700
ref|NC_001142|	547433
ref|NC_001142|	547441
ref|NC_001142|	588774
ref|NC_001142|	591908
ref|NC_001143|	46762
ref|NC_001143|	53317
ref|NC_001143|	118899
ref|NC_001143|	206869
ref|NC_001143|	249736
ref|NC_001143|	277675
ref|NC_001143|	354438
ref|NC_001143|	415085
ref|NC_001143|	519756
ref|NC_001143|	522478
ref|NC_001143|	529178
ref|NC_001143|	655246
ref|NC_001144|	30835
ref|NC_001144|	37938
ref|NC_001144|	54731
ref|NC_001144|	56151
ref|NC_001144|	90370
ref|NC_001144|	191296
ref|NC_001144|	195133
ref|NC_001144|	247694
ref|NC_001144|	263199
ref|NC_001144|	337183
ref|NC_001144|	341936
ref|NC_001144|	366244
ref|NC_001144|	369713
ref|NC_001144|	397423
ref|NC_001144|	432455
ref|NC_001144|	548748
ref|NC_001144|	600763
ref|NC_001144|	633065
ref|NC_001144|	634675
ref|NC_001144|	668352
ref|NC_001144|	672772
ref|NC_001144|	693876
ref|NC_001144|	724909
ref|NC_001144|	752946
ref|NC_001144|	753045
ref|NC_001144|	753381
ref|NC_001144|	755637
ref|NC_001144|	755641
ref|NC_001144|	755784
ref|NC_001144|	755785
ref|NC_001144|	755790
ref|NC_001144|	755841
ref|NC_001144|	755855
ref|NC_001144|	755857
ref|NC_001144|	755928
ref|NC_001144|	756549
ref|NC_001144|	787194
ref|NC_001144|	804694
ref|NC_001144|	807779
ref|NC_001144|	858040
ref|NC_001144|	860006
ref|NC_001144|	868274
ref|NC_001144|	871029
ref|NC_001144|	871981
ref|NC_001144|	926537
ref|NC_001144|	927434
ref|NC_001144|	927464
ref|NC_001144|	927603
ref|NC_001144|	930419
ref|NC_001144|	936628
ref|NC_001144|	984340
ref|NC_001145|	24560
ref|NC_001145|	25111
ref|NC_001145|	25178
ref|NC_001145|	25233
ref|NC_001145|	25469
ref|NC_001145|	42805
ref|NC_001145|	48465
ref|NC_001145|	53046
ref|NC_001145|	112816
ref|NC_001145|	114669
ref|NC_001145|	176494
ref|NC_001145|	217976
ref|NC_001145|	236652
ref|NC_001145|	278590
ref|NC_001145|	308479
ref|NC_001145|	356311
ref|NC_001145|	367082
ref|NC_001145|	369659
ref|NC_001145|	414724
ref|NC_001145|	443426
ref|NC_001145|	484091
ref|NC_001145|	533259
ref|NC_001145|	547166
ref|NC_001145|	585173
ref|NC_001145|	609388
ref|NC_001145|	692578
ref|NC_001145|	732526
ref|NC_001145|	779986
ref|NC_001145|	792034
ref|NC_001145|	814661
ref|NC_001145|	817667
ref|NC_001145|	862525
ref|NC_001145|	882649
ref|NC_001145|	912911
ref|NC_001145|	914235
ref|NC_001146|	29337
ref|NC_001146|	57472
ref|NC_001146|	79837
ref|NC_001146|	132973
ref|NC_001146|	180823
ref|NC_001146|	195289
ref|NC_001146|	199110
ref|NC_001146|	214433
ref|NC_001146|	297316
ref|NC_001146|	374578
ref|NC_001146|	407160
ref|NC_001146|	441972
ref|NC_001146|	461419
ref|NC_001146|	469502
ref|NC_001146|	476401
ref|NC_001146|	487720
ref|NC_001146|	558815
ref|NC_001146|	574713
ref|NC_001146|	574928
ref|NC_001146|	574936
ref|NC_001146|	575008
ref|NC_001146|	575167
ref|NC_001146|	575229
ref|NC_001146|	577027
ref|NC_001146|	644572
ref|NC_001146|	660428
ref|NC_001146|	681959
ref|NC_001146|	757064
ref|NC_001147|	7199
ref|NC_001147|	72169
ref|NC_001147|	82001
ref|NC_001147|	91346
ref|NC_001147|	162510
ref|NC_001147|	214417
ref|NC_001147|	214928
ref|NC_001147|	215066
ref|NC_001147|	215342
ref|NC_001147|	215920
ref|NC_001147|	253378
ref|NC_001147|	315291
ref|NC_001147|	327032
ref|NC_001147|	361851
ref|NC_001147|	400693
ref|NC_001147|	403773
ref|NC_001147|	478283
ref|NC_001147|	546205
ref|NC_001147|	648177
ref|NC_001147|	695079
ref|NC_001147|	756662
ref|NC_001147|	785519
ref|NC_001147|	831557
ref|NC_001147|	882919
ref|NC_001147|	929249
ref|NC_001147|	932506
ref|NC_001147|	934229
ref|NC_001147|	952618
ref|NC_001147|	985697
ref|NC_001147|	1001702
ref|NC_001147|	1027373
ref|NC_001147|	1033961
ref|NC_001147|	1068424
ref|NC_001148|	30675
ref|NC_001148|	110829
ref|NC_001148|	178825
ref|NC_001148|	205993
ref|NC_001148|	208936
ref|NC_001148|	208977
ref|NC_001148|	222669
ref|NC_001148|	229047
ref|NC_001148|	241077
ref|NC_001148|	297897
ref|NC_001148|	317909
ref|NC_001148|	351134
ref|NC_001148|	399531
ref|NC_001148|	461357
ref|NC_001148|	515669
ref|NC_001148|	580614
ref|NC_001148|	662014
ref|NC_001148|	670433
ref|NC_001148|	699233
ref|NC_001148|	747862
ref|NC_001148|	815942
ref|NC_001148|	822877
ref|NC_001148|	862883
ref|NC_001148|	875682
ref|NC_001224|	14419
ref|NC_001224|	25342
ref|NC_001224|	26112
