"","strain","chr","cov"
"1","W303","chr1","0.793063192617251"
"2","W303","chr2","0.72738414433245"
"3","W303","chr3","0.766307326681383"
"4","W303","chr4","0.733168563889565"
"5","W303","chr5","0.759980600644572"
"6","W303","chr6","0.793671784263018"
"7","W303","chr7","0.733806321387351"
"8","W303","chr8","0.782605249319303"
"9","W303","chr9","0.773118476604955"
"10","W303","chr10","0.745806294808906"
"11","W303","chr11","0.744175007927386"
"12","W303","chr12","1.80106625012341"
"13","W303","chr13","0.734976030366659"
"14","W303","chr14","0.731650737361479"
"15","W303","chr15","0.738133069979965"
"16","W303","chr16","0.747283999953439"
"17","CdBM23","chr1","0.866643305245758"
"18","CdBM23","chr2","0.665230693381725"
"19","CdBM23","chr3","0.797724933154355"
"20","CdBM23","chr4","0.635815936994217"
"21","CdBM23","chr5","0.710836180757547"
"22","CdBM23","chr6","0.858122845761848"
"23","CdBM23","chr7","0.648351990010137"
"24","CdBM23","chr8","0.719579464142224"
"25","CdBM23","chr9","0.76200468116411"
"26","CdBM23","chr10","0.675963461058157"
"27","CdBM23","chr11","0.680238924176564"
"28","CdBM23","chr12","1.79582337437183"
"29","CdBM23","chr13","0.661701793894724"
"30","CdBM23","chr14","0.664654842928757"
"31","CdBM23","chr15","0.651797912287465"
"32","CdBM23","chr16","0.66021882122877"
"33","CdBM25","chr1","0.799401983592459"
"34","CdBM25","chr2","0.735619168186821"
"35","CdBM25","chr3","0.762793196051005"
"36","CdBM25","chr4","0.72782063497701"
"37","CdBM25","chr5","0.755437659473558"
"38","CdBM25","chr6","0.808390056835453"
"39","CdBM25","chr7","0.731928543473165"
"40","CdBM25","chr8","0.779068389121208"
"41","CdBM25","chr9","0.771067404882011"
"42","CdBM25","chr10","0.752753571620651"
"43","CdBM25","chr11","0.752529861673466"
"44","CdBM25","chr12","1.4919391440034"
"45","CdBM25","chr13","0.73019948087985"
"46","CdBM25","chr14","0.738507233229809"
"47","CdBM25","chr15","0.742371328957719"
"48","CdBM25","chr16","0.751719081620485"
"49","CdBM26","chr1","1.16730601820436"
"50","CdBM26","chr2","0.7431022386156"
"51","CdBM26","chr3","1.01245464289102"
"52","CdBM26","chr4","0.704047089082088"
"53","CdBM26","chr5","0.822566214927497"
"54","CdBM26","chr6","1.12848623233441"
"55","CdBM26","chr7","0.723806109219342"
"56","CdBM26","chr8","0.840647665229679"
"57","CdBM26","chr9","0.917505644367813"
"58","CdBM26","chr10","0.787744560144119"
"59","CdBM26","chr11","0.786934748853496"
"60","CdBM26","chr12","1.6455543536989"
"61","CdBM26","chr13","0.740856658922604"
"62","CdBM26","chr14","0.747611345528441"
"63","CdBM26","chr15","0.733612039792378"
"64","CdBM26","chr16","0.747490360406147"
"65","CdBM29","chr1","0.764000775293193"
"66","CdBM29","chr2","0.660538161372294"
"67","CdBM29","chr3","0.743265982475886"
"68","CdBM29","chr4","0.659598437785173"
"69","CdBM29","chr5","0.692386624438123"
"70","CdBM29","chr6","0.774344784870636"
"71","CdBM29","chr7","0.662237845421836"
"72","CdBM29","chr8","0.708836157138024"
"73","CdBM29","chr9","0.710705376859397"
"74","CdBM29","chr10","0.678640805909254"
"75","CdBM29","chr11","0.671028230283569"
"76","CdBM29","chr12","1.52001137230976"
"77","CdBM29","chr13","0.667134403403694"
"78","CdBM29","chr14","0.656162975960683"
"79","CdBM29","chr15","0.667366300412161"
"80","CdBM29","chr16","0.676193127150231"
"81","CdBM30","chr1","0.87724750053833"
"82","CdBM30","chr2","0.715588017812204"
"83","CdBM30","chr3","0.805736545926821"
"84","CdBM30","chr4","0.699866044734331"
"85","CdBM30","chr5","0.750760353961867"
"86","CdBM30","chr6","0.870947240348067"
"87","CdBM30","chr7","0.714051125867006"
"88","CdBM30","chr8","0.747089042546299"
"89","CdBM30","chr9","0.775723004635663"
"90","CdBM30","chr10","0.734409460967475"
"91","CdBM30","chr11","0.726718269098978"
"92","CdBM30","chr12","1.53303920956001"
"93","CdBM30","chr13","0.713745276716155"
"94","CdBM30","chr14","0.712336948546092"
"95","CdBM30","chr15","0.716013420304391"
"96","CdBM30","chr16","0.717107209007343"
"97","CdBM32","chr1","0.775985881684775"
"98","CdBM32","chr2","0.704117338651915"
"99","CdBM32","chr3","0.731955994896596"
"100","CdBM32","chr4","0.69518617462239"
"101","CdBM32","chr5","0.71450986197682"
"102","CdBM32","chr6","0.775410615303003"
"103","CdBM32","chr7","0.696058063869887"
"104","CdBM32","chr8","0.733437301932821"
"105","CdBM32","chr9","0.747178443214701"
"106","CdBM32","chr10","0.718431005019267"
"107","CdBM32","chr11","0.710032227047554"
"108","CdBM32","chr12","1.44458510775051"
"109","CdBM32","chr13","0.70152693928391"
"110","CdBM32","chr14","0.698679598155796"
"111","CdBM32","chr15","0.708412727435937"
"112","CdBM32","chr16","0.714967537888441"
"113","CdBM36","chr1","1.15695027963264"
"114","CdBM36","chr2","0.737593304574703"
"115","CdBM36","chr3","1.01507021371435"
"116","CdBM36","chr4","0.681140194015752"
"117","CdBM36","chr5","0.823305596473565"
"118","CdBM36","chr6","1.1325702187734"
"119","CdBM36","chr7","0.704917456479665"
"120","CdBM36","chr8","0.831841110035856"
"121","CdBM36","chr9","0.927353380499305"
"122","CdBM36","chr10","0.778100355373283"
"123","CdBM36","chr11","0.777170735869345"
"124","CdBM36","chr12","1.67415439920158"
"125","CdBM36","chr13","0.729652221845458"
"126","CdBM36","chr14","0.737465056099953"
"127","CdBM36","chr15","0.711300373705268"
"128","CdBM36","chr16","0.730100937969567"
"129","CdBM37","chr1","0.746820229315377"
"130","CdBM37","chr2","1.16986968185348"
"131","CdBM37","chr3","1.26995556000128"
"132","CdBM37","chr4","1.13251558498925"
"133","CdBM37","chr5","0.636144601285718"
"134","CdBM37","chr6","0.823669868626839"
"135","CdBM37","chr7","0.565618288094842"
"136","CdBM37","chr8","0.590937231841175"
"137","CdBM37","chr9","0.593900806476537"
"138","CdBM37","chr10","0.592889052150974"
"139","CdBM37","chr11","0.599384480605152"
"140","CdBM37","chr12","1.39137176159719"
"141","CdBM37","chr13","0.58480690972951"
"142","CdBM37","chr14","0.580989093568282"
"143","CdBM37","chr15","0.591938828278793"
"144","CdBM37","chr16","0.596613078868926"
"145","CdBM39","chr1","0.822156759101204"
"146","CdBM39","chr2","1.25286741980185"
"147","CdBM39","chr3","0.735535534944274"
"148","CdBM39","chr4","1.20592048239144"
"149","CdBM39","chr5","0.668142817527881"
"150","CdBM39","chr6","0.805623873375367"
"151","CdBM39","chr7","0.625436850257492"
"152","CdBM39","chr8","0.68321310648333"
"153","CdBM39","chr9","0.71664832402529"
"154","CdBM39","chr10","0.656044443206971"
"155","CdBM39","chr11","0.645799674224908"
"156","CdBM39","chr12","1.45556696471374"
"157","CdBM39","chr13","0.630897025358359"
"158","CdBM39","chr14","0.63586045128863"
"159","CdBM39","chr15","0.626458344482908"
"160","CdBM39","chr16","0.642862275200518"
"161","CdBM42","chr1","0.776563690872021"
"162","CdBM42","chr2","0.691274804253025"
"163","CdBM42","chr3","0.734103149253047"
"164","CdBM42","chr4","0.675650663002577"
"165","CdBM42","chr5","0.722307146627629"
"166","CdBM42","chr6","0.768714560603927"
"167","CdBM42","chr7","0.679568084286203"
"168","CdBM42","chr8","0.721662399063009"
"169","CdBM42","chr9","0.740230668782584"
"170","CdBM42","chr10","0.70892491883935"
"171","CdBM42","chr11","0.700269700889797"
"172","CdBM42","chr12","1.29187041761203"
"173","CdBM42","chr13","0.686595837453708"
"174","CdBM42","chr14","0.679930839972518"
"175","CdBM42","chr15","0.68899446614791"
"176","CdBM42","chr16","0.692494933984563"
"177","CdBM43","chr1","0.611821534628875"
"178","CdBM43","chr2","0.597015621876235"
"179","CdBM43","chr3","0.592979510631081"
"180","CdBM43","chr4","0.603321219635788"
"181","CdBM43","chr5","0.610958692207125"
"182","CdBM43","chr6","0.613207246936271"
"183","CdBM43","chr7","0.603002588473891"
"184","CdBM43","chr8","0.624892244118396"
"185","CdBM43","chr9","0.62040780725678"
"186","CdBM43","chr10","0.609808504154923"
"187","CdBM43","chr11","0.608119091117024"
"188","CdBM43","chr12","1.80261210031852"
"189","CdBM43","chr13","0.60546951722916"
"190","CdBM43","chr14","0.599419690589503"
"191","CdBM43","chr15","0.608165283042713"
"192","CdBM43","chr16","0.61758059839598"
"193","CdBM44","chr1","0.693911876231079"
"194","CdBM44","chr2","1.02457017454112"
"195","CdBM44","chr3","0.658059271798111"
"196","CdBM44","chr4","0.673300193388463"
"197","CdBM44","chr5","0.685229878677"
"198","CdBM44","chr6","0.687715555054592"
"199","CdBM44","chr7","0.664834397127449"
"200","CdBM44","chr8","0.689728983891663"
"201","CdBM44","chr9","0.82800911362661"
"202","CdBM44","chr10","0.681603763740431"
"203","CdBM44","chr11","0.667209287049406"
"204","CdBM44","chr12","1.15935828399993"
"205","CdBM44","chr13","0.668312831214837"
"206","CdBM44","chr14","0.720483606403998"
"207","CdBM44","chr15","0.667215784771864"
"208","CdBM44","chr16","0.727605914896953"
"209","CdBM45","chr1","1.09281616205228"
"210","CdBM45","chr2","0.720039894261069"
"211","CdBM45","chr3","0.970960643971193"
"212","CdBM45","chr4","0.665926390671661"
"213","CdBM45","chr5","0.79465663745475"
"214","CdBM45","chr6","1.07156890791857"
"215","CdBM45","chr7","0.68843582945162"
"216","CdBM45","chr8","0.818161553169612"
"217","CdBM45","chr9","0.901777473223269"
"218","CdBM45","chr10","0.758115424654117"
"219","CdBM45","chr11","0.764898295046785"
"220","CdBM45","chr12","1.50296869022905"
"221","CdBM45","chr13","0.710960327065816"
"222","CdBM45","chr14","0.72114797539053"
"223","CdBM45","chr15","0.697254168752321"
"224","CdBM45","chr16","0.706376051663703"
"225","CdBM46","chr1","0.890765896421679"
"226","CdBM46","chr2","0.770754302775029"
"227","CdBM46","chr3","0.852099985609308"
"228","CdBM46","chr4","0.762391079723819"
"229","CdBM46","chr5","0.816826970523376"
"230","CdBM46","chr6","0.8971190089239"
"231","CdBM46","chr7","0.776111400911136"
"232","CdBM46","chr8","0.810018661091242"
"233","CdBM46","chr9","0.832411691809516"
"234","CdBM46","chr10","0.799983841080369"
"235","CdBM46","chr11","0.790931056856547"
"236","CdBM46","chr12","1.56229080570849"
"237","CdBM46","chr13","0.776652752531926"
"238","CdBM46","chr14","0.765394749988643"
"239","CdBM46","chr15","0.784665346205027"
"240","CdBM46","chr16","0.786955520316529"
"241","CdBM47","chr1","0.851515135367666"
"242","CdBM47","chr2","0.768985061368051"
"243","CdBM47","chr3","0.815637659829859"
"244","CdBM47","chr4","0.756664842073965"
"245","CdBM47","chr5","0.806713202099812"
"246","CdBM47","chr6","0.857227301741622"
"247","CdBM47","chr7","0.767973889682435"
"248","CdBM47","chr8","0.808531930350994"
"249","CdBM47","chr9","0.815694128017305"
"250","CdBM47","chr10","0.786813255897693"
"251","CdBM47","chr11","0.782222603725915"
"252","CdBM47","chr12","1.84825483249698"
"253","CdBM47","chr13","0.776475777610165"
"254","CdBM47","chr14","0.77128252810911"
"255","CdBM47","chr15","0.77043504940022"
"256","CdBM47","chr16","0.780174102389683"
"257","CdBM48","chr1","0.959641728847248"
"258","CdBM48","chr2","0.730048552152856"
"259","CdBM48","chr3","0.871364707859791"
"260","CdBM48","chr4","0.713176390737272"
"261","CdBM48","chr5","0.774528768255751"
"262","CdBM48","chr6","0.952610675681247"
"263","CdBM48","chr7","0.729588633966127"
"264","CdBM48","chr8","0.773931394623798"
"265","CdBM48","chr9","0.814790886018754"
"266","CdBM48","chr10","0.755380381228093"
"267","CdBM48","chr11","0.755360863848906"
"268","CdBM48","chr12","1.68758976484408"
"269","CdBM48","chr13","0.734035870683569"
"270","CdBM48","chr14","0.732181389921858"
"271","CdBM48","chr15","0.732218360369474"
"272","CdBM48","chr16","0.7371381753724"
"273","CoBM12","chr1","1.04536259822726"
"274","CoBM12","chr2","0.851574692999999"
"275","CoBM12","chr3","0.998594195628777"
"276","CoBM12","chr4","0.855624297659222"
"277","CoBM12","chr5","0.902977210603"
"278","CoBM12","chr6","1.05671409205885"
"279","CoBM12","chr7","0.851377171376742"
"280","CoBM12","chr8","0.900457021607399"
"281","CoBM12","chr9","0.951018395081564"
"282","CoBM12","chr10","0.882727993484754"
"283","CoBM12","chr11","0.869387051627823"
"284","CoBM12","chr12","2.1652686633796"
"285","CoBM12","chr13","0.880399529510087"
"286","CoBM12","chr14","0.850035396672581"
"287","CoBM12","chr15","0.869598830732031"
"288","CoBM12","chr16","0.891729597071629"
"289","CoBM14","chr1","1.00653878877004"
"290","CoBM14","chr2","0.881510109081345"
"291","CoBM14","chr3","0.969482137036018"
"292","CoBM14","chr4","0.900864942570294"
"293","CoBM14","chr5","0.913947261538677"
"294","CoBM14","chr6","1.02801132659403"
"295","CoBM14","chr7","0.876938897019905"
"296","CoBM14","chr8","0.907993500014702"
"297","CoBM14","chr9","0.920036698269833"
"298","CoBM14","chr10","0.892396846907912"
"299","CoBM14","chr11","0.891279107027292"
"300","CoBM14","chr12","1.96551172284312"
"301","CoBM14","chr13","0.894729729750171"
"302","CoBM14","chr14","0.884918665556748"
"303","CoBM14","chr15","0.907101627759063"
"304","CoBM14","chr16","0.916510177248531"
"305","CoBM15","chr1","1.09443292440387"
"306","CoBM15","chr2","0.929173080902335"
"307","CoBM15","chr3","1.02214369767498"
"308","CoBM15","chr4","0.904632718473242"
"309","CoBM15","chr5","0.960556245580681"
"310","CoBM15","chr6","1.10480831718335"
"311","CoBM15","chr7","0.907524711692898"
"312","CoBM15","chr8","0.978953491830338"
"313","CoBM15","chr9","1.01374653681903"
"314","CoBM15","chr10","0.94952895013412"
"315","CoBM15","chr11","0.941851716953594"
"316","CoBM15","chr12","1.60094633266068"
"317","CoBM15","chr13","0.918701458257939"
"318","CoBM15","chr14","0.92590239866775"
"319","CoBM15","chr15","0.917407827806055"
"320","CoBM15","chr16","0.929737473981968"
"321","CoBM16","chr1","1.0411867572249"
"322","CoBM16","chr2","0.923152404386932"
"323","CoBM16","chr3","0.989059695891305"
"324","CoBM16","chr4","0.912713012498217"
"325","CoBM16","chr5","0.976780073185393"
"326","CoBM16","chr6","1.03525364850732"
"327","CoBM16","chr7","0.917675797952528"
"328","CoBM16","chr8","0.968848356221991"
"329","CoBM16","chr9","0.992758275628375"
"330","CoBM16","chr10","0.958146422601931"
"331","CoBM16","chr11","0.942813113919354"
"332","CoBM16","chr12","1.5835514774348"
"333","CoBM16","chr13","0.932882836999379"
"334","CoBM16","chr14","0.921397706742266"
"335","CoBM16","chr15","0.927452998263165"
"336","CoBM16","chr16","0.945355609513701"
"337","CoBM17","chr1","0.973424514643538"
"338","CoBM17","chr2","0.875692463005851"
"339","CoBM17","chr3","0.925301822653317"
"340","CoBM17","chr4","0.865130194478054"
"341","CoBM17","chr5","0.906291126970888"
"342","CoBM17","chr6","0.983396567842246"
"343","CoBM17","chr7","0.86685966606114"
"344","CoBM17","chr8","0.915166763400547"
"345","CoBM17","chr9","0.933440079075546"
"346","CoBM17","chr10","0.892225927627493"
"347","CoBM17","chr11","0.878492915995133"
"348","CoBM17","chr12","2.14449368615123"
"349","CoBM17","chr13","0.871159197695192"
"350","CoBM17","chr14","0.879669456229671"
"351","CoBM17","chr15","0.879603320785723"
"352","CoBM17","chr16","0.879312909132594"
"353","CoBM18","chr1","1.01695382101269"
"354","CoBM18","chr2","0.884617224376706"
"355","CoBM18","chr3","0.944901256296998"
"356","CoBM18","chr4","0.864717275810869"
"357","CoBM18","chr5","0.912006150169614"
"358","CoBM18","chr6","1.00214646147038"
"359","CoBM18","chr7","0.875688816467861"
"360","CoBM18","chr8","0.933348406431877"
"361","CoBM18","chr9","0.94068307650425"
"362","CoBM18","chr10","0.902642285208189"
"363","CoBM18","chr11","0.893930187547894"
"364","CoBM18","chr12","2.04629660038743"
"365","CoBM18","chr13","0.891090032201166"
"366","CoBM18","chr14","0.884979464239733"
"367","CoBM18","chr15","0.882759389393019"
"368","CoBM18","chr16","0.887352776392601"
"369","CoBM1","chr1","1.01851078503291"
"370","CoBM1","chr2","0.899205446885435"
"371","CoBM1","chr3","0.963464809282736"
"372","CoBM1","chr4","0.886515382249921"
"373","CoBM1","chr5","0.939492615550937"
"374","CoBM1","chr6","1.02480816896762"
"375","CoBM1","chr7","0.896685544449273"
"376","CoBM1","chr8","0.944421435406762"
"377","CoBM1","chr9","0.965919102311808"
"378","CoBM1","chr10","0.925753094347587"
"379","CoBM1","chr11","0.914988770021004"
"380","CoBM1","chr12","1.87019608623308"
"381","CoBM1","chr13","0.897487642832797"
"382","CoBM1","chr14","0.890441771390637"
"383","CoBM1","chr15","0.904298138393288"
"384","CoBM1","chr16","0.909167838069378"
"385","CoBM20","chr1","1.0044127885641"
"386","CoBM20","chr2","0.811982822726728"
"387","CoBM20","chr3","0.975888109647369"
"388","CoBM20","chr4","0.800667069351925"
"389","CoBM20","chr5","0.863874227037483"
"390","CoBM20","chr6","1.07153026032106"
"391","CoBM20","chr7","0.803708844416283"
"392","CoBM20","chr8","0.77329035348024"
"393","CoBM20","chr9","0.798060262781533"
"394","CoBM20","chr10","0.783590774014322"
"395","CoBM20","chr11","0.799832173304341"
"396","CoBM20","chr12","2.75303167330869"
"397","CoBM20","chr13","0.818018972674005"
"398","CoBM20","chr14","0.828531399389812"
"399","CoBM20","chr15","0.824293097665832"
"400","CoBM20","chr16","0.838719185927065"
"401","CoBM21","chr1","1.02782296808194"
"402","CoBM21","chr2","0.875701606989579"
"403","CoBM21","chr3","0.964934342581826"
"404","CoBM21","chr4","0.861759265613343"
"405","CoBM21","chr5","0.918311575845361"
"406","CoBM21","chr6","1.03066072053447"
"407","CoBM21","chr7","0.869102445465053"
"408","CoBM21","chr8","0.928570929503819"
"409","CoBM21","chr9","0.959798256690314"
"410","CoBM21","chr10","0.900694187407822"
"411","CoBM21","chr11","0.896430558809287"
"412","CoBM21","chr12","2.06002998109405"
"413","CoBM21","chr13","0.874847538247729"
"414","CoBM21","chr14","0.880999160174464"
"415","CoBM21","chr15","0.881065112108917"
"416","CoBM21","chr16","0.886649313313695"
"417","CoBM2","chr1","0.864211421981975"
"418","CoBM2","chr2","0.840093145775789"
"419","CoBM2","chr3","0.84961174195891"
"420","CoBM2","chr4","0.846429039117671"
"421","CoBM2","chr5","0.866198473366987"
"422","CoBM2","chr6","0.875685046241666"
"423","CoBM2","chr7","0.839965006263216"
"424","CoBM2","chr8","0.889470934259568"
"425","CoBM2","chr9","0.864400387248545"
"426","CoBM2","chr10","0.86488453544521"
"427","CoBM2","chr11","0.857710294466324"
"428","CoBM2","chr12","1.80125140914891"
"429","CoBM2","chr13","1.65734494620595"
"430","CoBM2","chr14","0.829947106436697"
"431","CoBM2","chr15","0.850632475716368"
"432","CoBM2","chr16","0.860805569773103"
"433","CoBM3","chr1","1.11681025395653"
"434","CoBM3","chr2","0.914369496348858"
"435","CoBM3","chr3","1.03149854491485"
"436","CoBM3","chr4","0.88821375614387"
"437","CoBM3","chr5","0.965485433816102"
"438","CoBM3","chr6","1.10766548377922"
"439","CoBM3","chr7","0.898318795838108"
"440","CoBM3","chr8","0.978539501799324"
"441","CoBM3","chr9","1.00990921176501"
"442","CoBM3","chr10","0.940490099265322"
"443","CoBM3","chr11","0.921769482991227"
"444","CoBM3","chr12","1.68837238252857"
"445","CoBM3","chr13","0.906731183988427"
"446","CoBM3","chr14","0.90859185619805"
"447","CoBM3","chr15","0.912014282148303"
"448","CoBM3","chr16","0.921611792473088"
"449","CoBM4","chr1","1.09352107360405"
"450","CoBM4","chr2","0.882948827085324"
"451","CoBM4","chr3","1.0116372593323"
"452","CoBM4","chr4","0.858513444567937"
"453","CoBM4","chr5","0.93457899273565"
"454","CoBM4","chr6","1.11170783258352"
"455","CoBM4","chr7","0.872579718106358"
"456","CoBM4","chr8","0.945214470383205"
"457","CoBM4","chr9","0.977468447865898"
"458","CoBM4","chr10","0.912879945406589"
"459","CoBM4","chr11","0.909194210273847"
"460","CoBM4","chr12","1.96807591166933"
"461","CoBM4","chr13","0.885155123204059"
"462","CoBM4","chr14","0.881038370465783"
"463","CoBM4","chr15","0.877912002391907"
"464","CoBM4","chr16","0.882483757949481"
"465","CoBM5","chr1","1.05247482091561"
"466","CoBM5","chr2","0.916388221708977"
"467","CoBM5","chr3","0.978678501588808"
"468","CoBM5","chr4","0.887038542804963"
"469","CoBM5","chr5","0.936214433650493"
"470","CoBM5","chr6","1.04765080642104"
"471","CoBM5","chr7","0.900271994078657"
"472","CoBM5","chr8","0.959013928128358"
"473","CoBM5","chr9","0.980403453391649"
"474","CoBM5","chr10","0.934178762884892"
"475","CoBM5","chr11","0.943244906825839"
"476","CoBM5","chr12","1.77442789466147"
"477","CoBM5","chr13","0.908255786966666"
"478","CoBM5","chr14","0.90122091266371"
"479","CoBM5","chr15","0.908193790031148"
"480","CoBM5","chr16","0.922808779285064"
"481","CoBM6","chr1","1.13376981394238"
"482","CoBM6","chr2","0.915211812415436"
"483","CoBM6","chr3","1.04543313602311"
"484","CoBM6","chr4","0.88216398791975"
"485","CoBM6","chr5","0.964730862369022"
"486","CoBM6","chr6","1.13900768475073"
"487","CoBM6","chr7","0.898484944097844"
"488","CoBM6","chr8","0.957306307293553"
"489","CoBM6","chr9","1.0200581281207"
"490","CoBM6","chr10","0.938219697081269"
"491","CoBM6","chr11","0.943571478234426"
"492","CoBM6","chr12","1.68291576646957"
"493","CoBM6","chr13","0.910930053527514"
"494","CoBM6","chr14","0.914003548035012"
"495","CoBM6","chr15","0.907044773848022"
"496","CoBM6","chr16","0.914017993714752"
"497","CoBM7","chr1","1.08230137583454"
"498","CoBM7","chr2","0.902833700207112"
"499","CoBM7","chr3","1.00772185454828"
"500","CoBM7","chr4","0.87556900924483"
"501","CoBM7","chr5","0.939145694956386"
"502","CoBM7","chr6","1.08092670347505"
"503","CoBM7","chr7","0.885231288669074"
"504","CoBM7","chr8","0.960948359399861"
"505","CoBM7","chr9","0.982960528600764"
"506","CoBM7","chr10","0.927316186059935"
"507","CoBM7","chr11","0.919708816560404"
"508","CoBM7","chr12","1.83116733349613"
"509","CoBM7","chr13","0.900653667002814"
"510","CoBM7","chr14","0.898058248009668"
"511","CoBM7","chr15","0.897933986801088"
"512","CoBM7","chr16","0.904755361414424"
"513","CoBM8","chr1","0.940944342606363"
"514","CoBM8","chr2","0.900311057974981"
"515","CoBM8","chr3","0.930032127257727"
"516","CoBM8","chr4","0.894182342542941"
"517","CoBM8","chr5","0.926980607758108"
"518","CoBM8","chr6","0.960184022681968"
"519","CoBM8","chr7","0.896615318577352"
"520","CoBM8","chr8","0.938249845636495"
"521","CoBM8","chr9","0.950435133086544"
"522","CoBM8","chr10","0.919107688597723"
"523","CoBM8","chr11","0.912995975009593"
"524","CoBM8","chr12","1.89783997852005"
"525","CoBM8","chr13","0.901894059131758"
"526","CoBM8","chr14","0.904091679725009"
"527","CoBM8","chr15","0.903231879128147"
"528","CoBM8","chr16","0.914793418397476"
"529","CuBM10","chr1","0.77168626887429"
"530","CuBM10","chr2","0.621297766168594"
"531","CuBM10","chr3","0.722971354454367"
"532","CuBM10","chr4","0.588484738816623"
"533","CuBM10","chr5","0.66744444970034"
"534","CuBM10","chr6","0.771434138760235"
"535","CuBM10","chr7","0.602041129855062"
"536","CuBM10","chr8","0.671650268558089"
"537","CuBM10","chr9","0.721912617207977"
"538","CuBM10","chr10","0.649829102887556"
"539","CuBM10","chr11","0.648720874192408"
"540","CuBM10","chr12","1.73718010139148"
"541","CuBM10","chr13","0.616632478055558"
"542","CuBM10","chr14","0.62718789361947"
"543","CuBM10","chr15","0.608995985907197"
"544","CuBM10","chr16","0.615964945572719"
"545","CuBM11","chr1","1.0282699444349"
"546","CuBM11","chr2","0.907069226524521"
"547","CuBM11","chr3","0.994348134905826"
"548","CuBM11","chr4","0.8764245978345"
"549","CuBM11","chr5","0.945110977637156"
"550","CuBM11","chr6","1.04102320767552"
"551","CuBM11","chr7","0.887609630942414"
"552","CuBM11","chr8","0.974112095261041"
"553","CuBM11","chr9","0.994582235186038"
"554","CuBM11","chr10","0.934351228508839"
"555","CuBM11","chr11","0.922153245870689"
"556","CuBM11","chr12","1.81115674646029"
"557","CuBM11","chr13","0.904722952133942"
"558","CuBM11","chr14","0.909961147000869"
"559","CuBM11","chr15","0.899544549840023"
"560","CuBM11","chr16","0.91050866866742"
"561","CuBM12","chr1","0.774059228402325"
"562","CuBM12","chr2","0.653202376739942"
"563","CuBM12","chr3","0.735885593100213"
"564","CuBM12","chr4","0.622309278398046"
"565","CuBM12","chr5","0.692084035291487"
"566","CuBM12","chr6","0.774923593373393"
"567","CuBM12","chr7","0.634410615901174"
"568","CuBM12","chr8","0.697912357064956"
"569","CuBM12","chr9","0.727811706583858"
"570","CuBM12","chr10","0.667632632414325"
"571","CuBM12","chr11","0.666720212530832"
"572","CuBM12","chr12","1.62766241245467"
"573","CuBM12","chr13","0.64198142043008"
"574","CuBM12","chr14","0.651456611217112"
"575","CuBM12","chr15","0.641301266850474"
"576","CuBM12","chr16","0.653539268154939"
"577","CuBM13","chr1","0.689674063314921"
"578","CuBM13","chr2","0.548374837585494"
"579","CuBM13","chr3","0.637580255248054"
"580","CuBM13","chr4","0.523022025463041"
"581","CuBM13","chr5","0.585127850777723"
"582","CuBM13","chr6","0.692848288774094"
"583","CuBM13","chr7","0.536485906116913"
"584","CuBM13","chr8","0.592752256097931"
"585","CuBM13","chr9","0.625977110357961"
"586","CuBM13","chr10","0.574117971484128"
"587","CuBM13","chr11","0.57175592333467"
"588","CuBM13","chr12","1.44730842036297"
"589","CuBM13","chr13","0.539833952465244"
"590","CuBM13","chr14","0.545231751083635"
"591","CuBM13","chr15","0.538001952810038"
"592","CuBM13","chr16","0.544696677799603"
"593","CuBM14","chr1","0.984667542404818"
"594","CuBM14","chr2","0.904157255184141"
"595","CuBM14","chr3","0.984876111642027"
"596","CuBM14","chr4","0.87793507505972"
"597","CuBM14","chr5","0.95766135494529"
"598","CuBM14","chr6","1.01602178431878"
"599","CuBM14","chr7","0.89903405109518"
"600","CuBM14","chr8","1.00843183189756"
"601","CuBM14","chr9","0.991372233254253"
"602","CuBM14","chr10","0.936729210850105"
"603","CuBM14","chr11","0.926759584057865"
"604","CuBM14","chr12","1.77851250852163"
"605","CuBM14","chr13","0.910742980437204"
"606","CuBM14","chr14","0.911034478227231"
"607","CuBM14","chr15","0.900466149353672"
"608","CuBM14","chr16","0.913321835170786"
"609","CuBM15","chr1","0.727274804742986"
"610","CuBM15","chr2","0.56986268882542"
"611","CuBM15","chr3","0.676905823189243"
"612","CuBM15","chr4","0.528955248998787"
"613","CuBM15","chr5","0.622669558276426"
"614","CuBM15","chr6","0.7259739761106"
"615","CuBM15","chr7","0.550003002813525"
"616","CuBM15","chr8","0.648773048180769"
"617","CuBM15","chr9","0.662048459712079"
"618","CuBM15","chr10","0.596421991683547"
"619","CuBM15","chr11","0.592176846866005"
"620","CuBM15","chr12","1.70940705297886"
"621","CuBM15","chr13","0.558906579122174"
"622","CuBM15","chr14","0.570856366821262"
"623","CuBM15","chr15","0.553334981652099"
"624","CuBM15","chr16","0.56140964575632"
"625","CuBM16","chr1","0.970240358746981"
"626","CuBM16","chr2","0.663556448265809"
"627","CuBM16","chr3","0.860014895631608"
"628","CuBM16","chr4","0.616408056201771"
"629","CuBM16","chr5","0.725300883294132"
"630","CuBM16","chr6","0.964416724019824"
"631","CuBM16","chr7","0.634753205709515"
"632","CuBM16","chr8","0.738034512393516"
"633","CuBM16","chr9","0.799884584441897"
"634","CuBM16","chr10","0.685474162354189"
"635","CuBM16","chr11","0.691150485015518"
"636","CuBM16","chr12","1.50441238811003"
"637","CuBM16","chr13","0.644409782529264"
"638","CuBM16","chr14","0.664430783326638"
"639","CuBM16","chr15","0.642166821094675"
"640","CuBM16","chr16","0.658046180674432"
"641","CuBM17","chr1","0.930937337123621"
"642","CuBM17","chr2","0.850400309144409"
"643","CuBM17","chr3","0.923382054676927"
"644","CuBM17","chr4","0.831511157233096"
"645","CuBM17","chr5","0.906981313807798"
"646","CuBM17","chr6","0.892922160636276"
"647","CuBM17","chr7","0.846894426328832"
"648","CuBM17","chr8","0.881361035183485"
"649","CuBM17","chr9","0.911760120862836"
"650","CuBM17","chr10","0.864713842136591"
"651","CuBM17","chr11","0.818611447527759"
"652","CuBM17","chr12","2.37634110976223"
"653","CuBM17","chr13","0.864499923865762"
"654","CuBM17","chr14","0.87105659440223"
"655","CuBM17","chr15","0.866418206373998"
"656","CuBM17","chr16","0.873164599516669"
"657","CuBM18","chr1","0.977381769592523"
"658","CuBM18","chr2","0.884727758882303"
"659","CuBM18","chr3","0.938546009289763"
"660","CuBM18","chr4","0.873487390730152"
"661","CuBM18","chr5","0.910899517465292"
"662","CuBM18","chr6","0.960247477603449"
"663","CuBM18","chr7","0.872611604601074"
"664","CuBM18","chr8","0.984651949949002"
"665","CuBM18","chr9","0.931232043204478"
"666","CuBM18","chr10","0.898086086822908"
"667","CuBM18","chr11","0.892018671851978"
"668","CuBM18","chr12","2.04297126473187"
"669","CuBM18","chr13","0.880067419571438"
"670","CuBM18","chr14","0.882579949091671"
"671","CuBM18","chr15","0.889693478678174"
"672","CuBM18","chr16","0.88913667315057"
"673","CuBM3","chr1","0.885935923127039"
"674","CuBM3","chr2","0.739033187638001"
"675","CuBM3","chr3","0.855390889757312"
"676","CuBM3","chr4","0.708213364062746"
"677","CuBM3","chr5","0.80596823296185"
"678","CuBM3","chr6","0.866329537943213"
"679","CuBM3","chr7","0.733289585536842"
"680","CuBM3","chr8","0.782822756588103"
"681","CuBM3","chr9","0.841066354974897"
"682","CuBM3","chr10","0.760208687739882"
"683","CuBM3","chr11","0.739993032455755"
"684","CuBM3","chr12","1.75957676382409"
"685","CuBM3","chr13","0.743688564686228"
"686","CuBM3","chr14","0.754857490402989"
"687","CuBM3","chr15","0.740971855547413"
"688","CuBM3","chr16","0.756083527545905"
"689","CuBM4","chr1","0.813305304378357"
"690","CuBM4","chr2","0.685039983611435"
"691","CuBM4","chr3","0.760402860523232"
"692","CuBM4","chr4","0.660078219213204"
"693","CuBM4","chr5","0.719929200406187"
"694","CuBM4","chr6","0.797234554455466"
"695","CuBM4","chr7","0.665538990468467"
"696","CuBM4","chr8","0.726428459983447"
"697","CuBM4","chr9","0.756500235653139"
"698","CuBM4","chr10","0.699729280906402"
"699","CuBM4","chr11","0.700543676029826"
"700","CuBM4","chr12","1.97519206164406"
"701","CuBM4","chr13","0.676570929729645"
"702","CuBM4","chr14","0.67646062166378"
"703","CuBM4","chr15","0.669203942634963"
"704","CuBM4","chr16","0.677235134879733"
"705","CuBM6","chr1","0.895196245744033"
"706","CuBM6","chr2","0.685198923916928"
"707","CuBM6","chr3","0.830802176707617"
"708","CuBM6","chr4","0.647892406433647"
"709","CuBM6","chr5","0.749011261921398"
"710","CuBM6","chr6","0.892801664325183"
"711","CuBM6","chr7","0.671097557460343"
"712","CuBM6","chr8","0.754252534776831"
"713","CuBM6","chr9","0.791598676715198"
"714","CuBM6","chr10","0.713748670299922"
"715","CuBM6","chr11","0.719552011762372"
"716","CuBM6","chr12","1.81104876947543"
"717","CuBM6","chr13","0.683617270997"
"718","CuBM6","chr14","0.680160329153964"
"719","CuBM6","chr15","0.675294932628691"
"720","CuBM6","chr16","0.686093995538"
"721","CuBM7","chr1","0.910003729260407"
"722","CuBM7","chr2","0.88959332657891"
"723","CuBM7","chr3","0.893463676219993"
"724","CuBM7","chr4","0.89595894927578"
"725","CuBM7","chr5","0.910457502351341"
"726","CuBM7","chr6","0.92276556918529"
"727","CuBM7","chr7","0.891498987025078"
"728","CuBM7","chr8","1.00630006125801"
"729","CuBM7","chr9","0.928985670746879"
"730","CuBM7","chr10","0.913420510078308"
"731","CuBM7","chr11","0.893864660609076"
"732","CuBM7","chr12","1.95111572177984"
"733","CuBM7","chr13","0.895997893662049"
"734","CuBM7","chr14","0.895514344159481"
"735","CuBM7","chr15","0.904708878014496"
"736","CuBM7","chr16","0.906219028142312"
"737","CuBM8","chr1","0.942551553729384"
"738","CuBM8","chr2","0.716225415827583"
"739","CuBM8","chr3","0.872043333086167"
"740","CuBM8","chr4","0.664762406194162"
"741","CuBM8","chr5","0.773522431581005"
"742","CuBM8","chr6","0.936157236188369"
"743","CuBM8","chr7","0.689252152529193"
"744","CuBM8","chr8","0.79436300551683"
"745","CuBM8","chr9","0.833993692990404"
"746","CuBM8","chr10","0.745806309819524"
"747","CuBM8","chr11","0.748623087191937"
"748","CuBM8","chr12","1.52228666671551"
"749","CuBM8","chr13","0.70099062851739"
"750","CuBM8","chr14","0.715124988040549"
"751","CuBM8","chr15","0.691030280109507"
"752","CuBM8","chr16","0.707406871408035"
"753","CuBM9","chr1","0.943283353635466"
"754","CuBM9","chr2","0.879829179679132"
"755","CuBM9","chr3","0.891884282128628"
"756","CuBM9","chr4","0.871101392891635"
"757","CuBM9","chr5","0.896540421181297"
"758","CuBM9","chr6","0.924150085747236"
"759","CuBM9","chr7","0.878455122521657"
"760","CuBM9","chr8","0.984863324925913"
"761","CuBM9","chr9","0.909325102627991"
"762","CuBM9","chr10","0.892448826698045"
"763","CuBM9","chr11","0.872875342030657"
"764","CuBM9","chr12","2.12304597754772"
"765","CuBM9","chr13","0.882918407971056"
"766","CuBM9","chr14","0.871989512575152"
"767","CuBM9","chr15","0.881989385727421"
"768","CuBM9","chr16","0.888782599223649"
"769","MnBM12","chr1","0.810821157291287"
"770","MnBM12","chr2","0.818892449920797"
"771","MnBM12","chr3","0.792143207037771"
"772","MnBM12","chr4","0.832243860707138"
"773","MnBM12","chr5","0.837302512914216"
"774","MnBM12","chr6","0.916374101510256"
"775","MnBM12","chr7","0.794806801014073"
"776","MnBM12","chr8","0.828208200975005"
"777","MnBM12","chr9","0.768343547448529"
"778","MnBM12","chr10","0.808587767804452"
"779","MnBM12","chr11","0.810038791252832"
"780","MnBM12","chr12","2.90122724990033"
"781","MnBM12","chr13","0.800271502693905"
"782","MnBM12","chr14","0.770215731374589"
"783","MnBM12","chr15","0.809869543669316"
"784","MnBM12","chr16","0.825667444493541"
"785","MnBM13","chr1","0.955176139843881"
"786","MnBM13","chr2","0.855685666913425"
"787","MnBM13","chr3","0.889808324773377"
"788","MnBM13","chr4","0.841880043483536"
"789","MnBM13","chr5","0.876679256590972"
"790","MnBM13","chr6","0.935501554370405"
"791","MnBM13","chr7","0.84850192914392"
"792","MnBM13","chr8","0.903459673839101"
"793","MnBM13","chr9","0.909700025794004"
"794","MnBM13","chr10","0.874483342643428"
"795","MnBM13","chr11","0.857699283562479"
"796","MnBM13","chr12","2.02436423889732"
"797","MnBM13","chr13","0.846592036344738"
"798","MnBM13","chr14","0.848260096076903"
"799","MnBM13","chr15","0.85814766849921"
"800","MnBM13","chr16","0.868509076910746"
"801","MnBM14","chr1","0.919377043661592"
"802","MnBM14","chr2","0.757923261819082"
"803","MnBM14","chr3","0.853928733845348"
"804","MnBM14","chr4","0.728703330007433"
"805","MnBM14","chr5","0.79873449982667"
"806","MnBM14","chr6","0.916964323926642"
"807","MnBM14","chr7","0.739286429679835"
"808","MnBM14","chr8","0.801323024161603"
"809","MnBM14","chr9","0.842847965303251"
"810","MnBM14","chr10","0.776742486540543"
"811","MnBM14","chr11","1.53524050157013"
"812","MnBM14","chr12","1.56477024952257"
"813","MnBM14","chr13","0.760314112999781"
"814","MnBM14","chr14","0.754597730390792"
"815","MnBM14","chr15","0.749219616018705"
"816","MnBM14","chr16","0.760739547544921"
"817","MnBM15","chr1","0.777819213592802"
"818","MnBM15","chr2","0.722867169440678"
"819","MnBM15","chr3","0.72564672470923"
"820","MnBM15","chr4","0.717477738912817"
"821","MnBM15","chr5","0.743544092062124"
"822","MnBM15","chr6","0.77025580742199"
"823","MnBM15","chr7","0.727083301216264"
"824","MnBM15","chr8","0.750468048171194"
"825","MnBM15","chr9","0.75489570596066"
"826","MnBM15","chr10","0.745033172890145"
"827","MnBM15","chr11","0.724858193379758"
"828","MnBM15","chr12","1.60383858934811"
"829","MnBM15","chr13","0.734548356717447"
"830","MnBM15","chr14","0.718225376149307"
"831","MnBM15","chr15","0.733443477987911"
"832","MnBM15","chr16","0.738991051578895"
"833","MnBM16","chr1","0.857503633616072"
"834","MnBM16","chr2","0.756189664624768"
"835","MnBM16","chr3","0.771418471907593"
"836","MnBM16","chr4","0.781720542905693"
"837","MnBM16","chr5","0.817610209175249"
"838","MnBM16","chr6","0.933076236955344"
"839","MnBM16","chr7","0.750845066192521"
"840","MnBM16","chr8","0.747438199142805"
"841","MnBM16","chr9","0.718141116420012"
"842","MnBM16","chr10","0.739516152483737"
"843","MnBM16","chr11","0.789834688276963"
"844","MnBM16","chr12","3.3578268964733"
"845","MnBM16","chr13","0.764381404458203"
"846","MnBM16","chr14","0.723843881217672"
"847","MnBM16","chr15","0.767746601430596"
"848","MnBM16","chr16","0.750178006293128"
"849","MnBM17","chr1","0.921174590357488"
"850","MnBM17","chr2","0.771705290279576"
"851","MnBM17","chr3","0.853162564056845"
"852","MnBM17","chr4","0.785885608446241"
"853","MnBM17","chr5","0.843765829344433"
"854","MnBM17","chr6","0.941269164980856"
"855","MnBM17","chr7","0.773901651297896"
"856","MnBM17","chr8","0.77875921128189"
"857","MnBM17","chr9","0.759812843880601"
"858","MnBM17","chr10","0.767011053260842"
"859","MnBM17","chr11","0.8051145332673"
"860","MnBM17","chr12","2.83243453945141"
"861","MnBM17","chr13","0.780790756454007"
"862","MnBM17","chr14","0.761387759656511"
"863","MnBM17","chr15","0.789764391350692"
"864","MnBM17","chr16","0.777667134584694"
"865","MnBM18","chr1","0.723044128462725"
"866","MnBM18","chr2","0.653180398741071"
"867","MnBM18","chr3","0.698989809617296"
"868","MnBM18","chr4","0.660739986087288"
"869","MnBM18","chr5","0.680597216884982"
"870","MnBM18","chr6","0.751345279480267"
"871","MnBM18","chr7","0.653854707548425"
"872","MnBM18","chr8","0.612117474106562"
"873","MnBM18","chr9","0.618682926182862"
"874","MnBM18","chr10","0.619863426907569"
"875","MnBM18","chr11","0.626157128542136"
"876","MnBM18","chr12","2.24618510435143"
"877","MnBM18","chr13","0.662661261415564"
"878","MnBM18","chr14","0.65742473266391"
"879","MnBM18","chr15","0.661734708470052"
"880","MnBM18","chr16","0.668656687467633"
"881","MnBM20","chr1","0.779404846399858"
"882","MnBM20","chr2","0.775649083022523"
"883","MnBM20","chr3","0.764418319476613"
"884","MnBM20","chr4","0.78617059290668"
"885","MnBM20","chr5","0.794402056807586"
"886","MnBM20","chr6","0.79087749144861"
"887","MnBM20","chr7","0.77859539762147"
"888","MnBM20","chr8","0.817298286561994"
"889","MnBM20","chr9","0.792907938307198"
"890","MnBM20","chr10","0.786649536741175"
"891","MnBM20","chr11","0.776239410124999"
"892","MnBM20","chr12","2.31510342054615"
"893","MnBM20","chr13","0.777721457102094"
"894","MnBM20","chr14","0.780022432021513"
"895","MnBM20","chr15","0.785178693445866"
"896","MnBM20","chr16","0.7888599008111"
"897","MnBM21","chr1","0.705404203136424"
"898","MnBM21","chr2","0.711547914321263"
"899","MnBM21","chr3","0.715789094698006"
"900","MnBM21","chr4","0.7059068948365"
"901","MnBM21","chr5","0.740168037551012"
"902","MnBM21","chr6","0.711176041646447"
"903","MnBM21","chr7","0.71196027014828"
"904","MnBM21","chr8","0.717474149265988"
"905","MnBM21","chr9","0.737549812563887"
"906","MnBM21","chr10","0.704115195311093"
"907","MnBM21","chr11","0.675024388817326"
"908","MnBM21","chr12","2.03953770364177"
"909","MnBM21","chr13","0.717359147872334"
"910","MnBM21","chr14","0.724141921119981"
"911","MnBM21","chr15","0.732243454659933"
"912","MnBM21","chr16","0.72580712344503"
"913","MnBM23","chr1","0.675284274057526"
"914","MnBM23","chr2","0.684657934230451"
"915","MnBM23","chr3","0.661780285546614"
"916","MnBM23","chr4","0.702767356852783"
"917","MnBM23","chr5","0.690419466249895"
"918","MnBM23","chr6","0.660000272151747"
"919","MnBM23","chr7","0.680789096028986"
"920","MnBM23","chr8","0.712983280798678"
"921","MnBM23","chr9","0.683234390549561"
"922","MnBM23","chr10","0.689925687767309"
"923","MnBM23","chr11","0.684911679977956"
"924","MnBM23","chr12","1.91700924737258"
"925","MnBM23","chr13","0.692079391468827"
"926","MnBM23","chr14","0.680686093340676"
"927","MnBM23","chr15","0.694879767425482"
"928","MnBM23","chr16","0.702616465019423"
"929","MnBM24","chr1","0.797774476320872"
"930","MnBM24","chr2","0.711068510080322"
"931","MnBM24","chr3","0.731671138162526"
"932","MnBM24","chr4","0.702922587914519"
"933","MnBM24","chr5","0.744799158448068"
"934","MnBM24","chr6","0.780884914275277"
"935","MnBM24","chr7","0.706936630337788"
"936","MnBM24","chr8","0.748413830718695"
"937","MnBM24","chr9","0.755203645728603"
"938","MnBM24","chr10","0.729794316409459"
"939","MnBM24","chr11","0.71070161492241"
"940","MnBM24","chr12","1.39117849442471"
"941","MnBM24","chr13","0.71720794570625"
"942","MnBM24","chr14","0.710698570730263"
"943","MnBM24","chr15","0.715141569714523"
"944","MnBM24","chr16","0.724239272214635"
"945","MnBM25","chr1","0.745405241666806"
"946","MnBM25","chr2","0.757407659769425"
"947","MnBM25","chr3","0.731598490170288"
"948","MnBM25","chr4","0.77561969066886"
"949","MnBM25","chr5","0.771324983162598"
"950","MnBM25","chr6","0.752205197065524"
"951","MnBM25","chr7","0.758449166179651"
"952","MnBM25","chr8","0.80013854800169"
"953","MnBM25","chr9","0.769758474254615"
"954","MnBM25","chr10","0.771965468623082"
"955","MnBM25","chr11","0.744731713453705"
"956","MnBM25","chr12","2.13936237915296"
"957","MnBM25","chr13","0.77231860509377"
"958","MnBM25","chr14","0.761257688433453"
"959","MnBM25","chr15","0.775476051019908"
"960","MnBM25","chr16","0.777980397229304"
"961","MnBM27","chr1","0.731459228743817"
"962","MnBM27","chr2","0.76908114209837"
"963","MnBM27","chr3","0.724468792170789"
"964","MnBM27","chr4","0.812791058737657"
"965","MnBM27","chr5","0.783377471335562"
"966","MnBM27","chr6","0.746454693059603"
"967","MnBM27","chr7","0.789016768770438"
"968","MnBM27","chr8","0.816105527182817"
"969","MnBM27","chr9","0.773601184927483"
"970","MnBM27","chr10","0.792686820748131"
"971","MnBM27","chr11","0.785876598270354"
"972","MnBM27","chr12","2.49842633207485"
"973","MnBM27","chr13","0.797640001233539"
"974","MnBM27","chr14","0.775476187302745"
"975","MnBM27","chr15","0.799109057747207"
"976","MnBM27","chr16","0.809446818621559"
"977","MnBM28","chr1","0.8807340973278"
"978","MnBM28","chr2","0.837994257729214"
"979","MnBM28","chr3","0.861512652887809"
"980","MnBM28","chr4","0.823756296454234"
"981","MnBM28","chr5","0.85576989205082"
"982","MnBM28","chr6","0.881072035556299"
"983","MnBM28","chr7","0.826455502704417"
"984","MnBM28","chr8","0.87274138247716"
"985","MnBM28","chr9","0.864899734671001"
"986","MnBM28","chr10","0.849016443507872"
"987","MnBM28","chr11","0.834310709355561"
"988","MnBM28","chr12","2.02536565008156"
"989","MnBM28","chr13","0.842384050085534"
"990","MnBM28","chr14","0.82682330759626"
"991","MnBM28","chr15","0.839622856290366"
"992","MnBM28","chr16","0.84902989965734"
"993","MnBM29","chr1","0.89805939225172"
"994","MnBM29","chr2","0.864458412426414"
"995","MnBM29","chr3","0.880312715572898"
"996","MnBM29","chr4","0.862113710539483"
"997","MnBM29","chr5","0.881891778842132"
"998","MnBM29","chr6","0.914212090228546"
"999","MnBM29","chr7","0.857854519538043"
"1000","MnBM29","chr8","0.905529048582658"
"1001","MnBM29","chr9","0.894550120960325"
"1002","MnBM29","chr10","0.883199533125294"
"1003","MnBM29","chr11","0.869874054059995"
"1004","MnBM29","chr12","2.28631188677676"
"1005","MnBM29","chr13","0.86204720534729"
"1006","MnBM29","chr14","0.866075965261642"
"1007","MnBM29","chr15","0.872538990785962"
"1008","MnBM29","chr16","0.876451085736713"
"1009","MnBM31","chr1","1.10111588015778"
"1010","MnBM31","chr2","0.901067156950085"
"1011","MnBM31","chr3","1.00338338994742"
"1012","MnBM31","chr4","0.862309599519026"
"1013","MnBM31","chr5","0.947405224249684"
"1014","MnBM31","chr6","1.07244547946247"
"1015","MnBM31","chr7","0.884459197458687"
"1016","MnBM31","chr8","0.961541074483215"
"1017","MnBM31","chr9","0.992658208057088"
"1018","MnBM31","chr10","0.930660206046823"
"1019","MnBM31","chr11","0.919050453773572"
"1020","MnBM31","chr12","1.84867721760271"
"1021","MnBM31","chr13","0.893559199539799"
"1022","MnBM31","chr14","0.901457197495002"
"1023","MnBM31","chr15","0.896747432852821"
"1024","MnBM31","chr16","0.904113273459567"
"1025","MnBM32","chr1","0.833697527385381"
"1026","MnBM32","chr2","0.848887766884285"
"1027","MnBM32","chr3","0.825486839872583"
"1028","MnBM32","chr4","0.866255418027957"
"1029","MnBM32","chr5","0.865435061792566"
"1030","MnBM32","chr6","0.841661634975328"
"1031","MnBM32","chr7","0.85816651709934"
"1032","MnBM32","chr8","0.865668635351907"
"1033","MnBM32","chr9","0.863191171110984"
"1034","MnBM32","chr10","0.86071889325577"
"1035","MnBM32","chr11","0.833389347403855"
"1036","MnBM32","chr12","1.93916334548308"
"1037","MnBM32","chr13","0.859862987141784"
"1038","MnBM32","chr14","0.856761522009617"
"1039","MnBM32","chr15","0.875056948028232"
"1040","MnBM32","chr16","0.874587016354196"
"1041","MnBM34","chr1","0.878853110342689"
"1042","MnBM34","chr2","0.788236735214832"
"1043","MnBM34","chr3","0.827398458939984"
"1044","MnBM34","chr4","0.774377193941263"
"1045","MnBM34","chr5","0.815023052250063"
"1046","MnBM34","chr6","0.862042004895169"
"1047","MnBM34","chr7","0.783147607992745"
"1048","MnBM34","chr8","0.832704192566917"
"1049","MnBM34","chr9","0.835670152840548"
"1050","MnBM34","chr10","0.815939613606742"
"1051","MnBM34","chr11","0.796147297385163"
"1052","MnBM34","chr12","1.97362060742169"
"1053","MnBM34","chr13","0.792174058926383"
"1054","MnBM34","chr14","0.7897513778941"
"1055","MnBM34","chr15","0.798083873026899"
"1056","MnBM34","chr16","0.802025962044713"
"1057","MnBM38","chr1","1.05960490121526"
"1058","MnBM38","chr2","0.813058286441984"
"1059","MnBM38","chr3","0.965706010219217"
"1060","MnBM38","chr4","0.760819291459323"
"1061","MnBM38","chr5","0.864078281422329"
"1062","MnBM38","chr6","1.0513391564588"
"1063","MnBM38","chr7","0.791313457202151"
"1064","MnBM38","chr8","0.856434342499341"
"1065","MnBM38","chr9","0.924394656046923"
"1066","MnBM38","chr10","0.840600560218875"
"1067","MnBM38","chr11","0.838994482462043"
"1068","MnBM38","chr12","1.13462978686635"
"1069","MnBM38","chr13","0.805789645635165"
"1070","MnBM38","chr14","0.810734297905358"
"1071","MnBM38","chr15","0.804873361880322"
"1072","MnBM38","chr16","0.808512456891693"
"1073","MnBM39","chr1","1.46318681803483"
"1074","MnBM39","chr2","1.47654151424649"
"1075","MnBM39","chr3","0.73519366967875"
"1076","MnBM39","chr4","0.758179204230299"
"1077","MnBM39","chr5","1.49363806518396"
"1078","MnBM39","chr6","0.74815845569139"
"1079","MnBM39","chr7","0.758341394459905"
"1080","MnBM39","chr8","0.795673797374765"
"1081","MnBM39","chr9","0.763336931972139"
"1082","MnBM39","chr10","0.758651899681731"
"1083","MnBM39","chr11","0.746675657510388"
"1084","MnBM39","chr12","1.89689097450751"
"1085","MnBM39","chr13","0.76446252389463"
"1086","MnBM39","chr14","0.746473438205415"
"1087","MnBM39","chr15","0.769722679771294"
"1088","MnBM39","chr16","0.774962928164502"
"1089","MnBM42","chr1","0.90401995466958"
"1090","MnBM42","chr2","0.84806805330017"
"1091","MnBM42","chr3","0.885399159169859"
"1092","MnBM42","chr4","0.844608610339697"
"1093","MnBM42","chr5","0.87932622176636"
"1094","MnBM42","chr6","0.915044332668428"
"1095","MnBM42","chr7","0.847694271351797"
"1096","MnBM42","chr8","0.901898461871273"
"1097","MnBM42","chr9","0.894431281574157"
"1098","MnBM42","chr10","0.870066598778116"
"1099","MnBM42","chr11","0.862602151650266"
"1100","MnBM42","chr12","1.9471226444887"
"1101","MnBM42","chr13","0.852650034331563"
"1102","MnBM42","chr14","0.843250026834083"
"1103","MnBM42","chr15","0.856472826465632"
"1104","MnBM42","chr16","0.864465623149571"
"1105","MnBM44","chr1","1.09941709447792"
"1106","MnBM44","chr2","0.909620828234207"
"1107","MnBM44","chr3","1.01930199874816"
"1108","MnBM44","chr4","0.885981660157413"
"1109","MnBM44","chr5","0.963703337366073"
"1110","MnBM44","chr6","1.08669249567539"
"1111","MnBM44","chr7","0.903390519206866"
"1112","MnBM44","chr8","0.973318569093955"
"1113","MnBM44","chr9","0.993052373770398"
"1114","MnBM44","chr10","0.939416952389036"
"1115","MnBM44","chr11","0.930816418186015"
"1116","MnBM44","chr12","1.55373663546192"
"1117","MnBM44","chr13","0.915359910545478"
"1118","MnBM44","chr14","0.908697859303277"
"1119","MnBM44","chr15","0.906418553208944"
"1120","MnBM44","chr16","0.918587776675636"
"1121","NiBM11","chr1","0.850040142191307"
"1122","NiBM11","chr2","0.772181071527103"
"1123","NiBM11","chr3","0.803636511240647"
"1124","NiBM11","chr4","0.760984794485686"
"1125","NiBM11","chr5","0.788020304665886"
"1126","NiBM11","chr6","0.850319185910325"
"1127","NiBM11","chr7","0.766389922870099"
"1128","NiBM11","chr8","0.797622206891152"
"1129","NiBM11","chr9","0.822251157050329"
"1130","NiBM11","chr10","0.783125567395016"
"1131","NiBM11","chr11","0.774198211079671"
"1132","NiBM11","chr12","1.75758064046061"
"1133","NiBM11","chr13","0.77255100249422"
"1134","NiBM11","chr14","0.769337510275898"
"1135","NiBM11","chr15","0.777985645577797"
"1136","NiBM11","chr16","0.773490759440594"
"1137","NiBM12","chr1","0.668387761827022"
"1138","NiBM12","chr2","0.659573927256047"
"1139","NiBM12","chr3","0.658670719445488"
"1140","NiBM12","chr4","0.669989871710379"
"1141","NiBM12","chr5","0.676764280123437"
"1142","NiBM12","chr6","0.689831621347036"
"1143","NiBM12","chr7","0.6675248034431"
"1144","NiBM12","chr8","0.688959867171458"
"1145","NiBM12","chr9","0.682285181575503"
"1146","NiBM12","chr10","0.678411775910101"
"1147","NiBM12","chr11","0.663329236311181"
"1148","NiBM12","chr12","1.19193540735882"
"1149","NiBM12","chr13","1.30242300669713"
"1150","NiBM12","chr14","1.29379327128023"
"1151","NiBM12","chr15","0.674584106555292"
"1152","NiBM12","chr16","0.682559645140289"
"1153","NiBM14","chr1","0.746580893947012"
"1154","NiBM14","chr2","0.696280726251121"
"1155","NiBM14","chr3","0.72830293126624"
"1156","NiBM14","chr4","0.688779036491191"
"1157","NiBM14","chr5","0.728193384275631"
"1158","NiBM14","chr6","0.758425067725967"
"1159","NiBM14","chr7","0.689855200020772"
"1160","NiBM14","chr8","0.743641550376457"
"1161","NiBM14","chr9","0.749910379254496"
"1162","NiBM14","chr10","0.720740960461818"
"1163","NiBM14","chr11","0.703755773682625"
"1164","NiBM14","chr12","1.24889511223017"
"1165","NiBM14","chr13","1.36262451912686"
"1166","NiBM14","chr14","1.36294248638101"
"1167","NiBM14","chr15","0.698697342085286"
"1168","NiBM14","chr16","0.705518918278315"
"1169","NiBM16","chr1","0.670378793761067"
"1170","NiBM16","chr2","0.667066930042881"
"1171","NiBM16","chr3","0.653002544593037"
"1172","NiBM16","chr4","0.676808253746977"
"1173","NiBM16","chr5","0.685420129729244"
"1174","NiBM16","chr6","0.667563928846962"
"1175","NiBM16","chr7","0.672585314652285"
"1176","NiBM16","chr8","0.699077086615879"
"1177","NiBM16","chr9","0.686934701699445"
"1178","NiBM16","chr10","0.675845929377684"
"1179","NiBM16","chr11","0.666455726885975"
"1180","NiBM16","chr12","1.29864736268515"
"1181","NiBM16","chr13","1.30712929366881"
"1182","NiBM16","chr14","1.29482967857682"
"1183","NiBM16","chr15","0.677948758462525"
"1184","NiBM16","chr16","0.68464253461141"
"1185","NiBM17","chr1","0.794128385036501"
"1186","NiBM17","chr2","0.732322615810216"
"1187","NiBM17","chr3","0.755160069611323"
"1188","NiBM17","chr4","0.725727837274862"
"1189","NiBM17","chr5","0.750983790660357"
"1190","NiBM17","chr6","0.791879976168478"
"1191","NiBM17","chr7","0.729682080474636"
"1192","NiBM17","chr8","0.772978170639289"
"1193","NiBM17","chr9","0.770903626506706"
"1194","NiBM17","chr10","0.747402356217122"
"1195","NiBM17","chr11","0.740751699767248"
"1196","NiBM17","chr12","1.70254419783406"
"1197","NiBM17","chr13","0.731708107907402"
"1198","NiBM17","chr14","0.731105815531993"
"1199","NiBM17","chr15","0.735807291481583"
"1200","NiBM17","chr16","0.746140402082735"
"1201","NiBM21","chr1","0.794733476612194"
"1202","NiBM21","chr2","0.724171471715222"
"1203","NiBM21","chr3","0.761264864756196"
"1204","NiBM21","chr4","0.716780201873654"
"1205","NiBM21","chr5","0.74888085165367"
"1206","NiBM21","chr6","0.795528891221579"
"1207","NiBM21","chr7","0.722092744686658"
"1208","NiBM21","chr8","0.762076878860638"
"1209","NiBM21","chr9","0.769927857986756"
"1210","NiBM21","chr10","0.740106404984175"
"1211","NiBM21","chr11","0.73110478691395"
"1212","NiBM21","chr12","1.62172757795029"
"1213","NiBM21","chr13","0.719040777847405"
"1214","NiBM21","chr14","0.723098798029077"
"1215","NiBM21","chr15","0.727549051575676"
"1216","NiBM21","chr16","0.737182420694447"
"1217","NiBM22","chr1","0.957168389490473"
"1218","NiBM22","chr2","0.759019994534139"
"1219","NiBM22","chr3","0.909752039426697"
"1220","NiBM22","chr4","0.669604317710414"
"1221","NiBM22","chr5","0.831109548424772"
"1222","NiBM22","chr6","0.958797288153232"
"1223","NiBM22","chr7","0.716052828437492"
"1224","NiBM22","chr8","0.840087298513612"
"1225","NiBM22","chr9","0.889030045142729"
"1226","NiBM22","chr10","0.795053733393299"
"1227","NiBM22","chr11","0.800374159592773"
"1228","NiBM22","chr12","1.44557392864397"
"1229","NiBM22","chr13","0.749339999950495"
"1230","NiBM22","chr14","0.761995368291476"
"1231","NiBM22","chr15","0.725675659601438"
"1232","NiBM22","chr16","0.73839691128737"
"1233","NiBM24","chr1","1.00830524085263"
"1234","NiBM24","chr2","0.912342415234195"
"1235","NiBM24","chr3","0.979149764691354"
"1236","NiBM24","chr4","0.890987913699065"
"1237","NiBM24","chr5","0.975524028213686"
"1238","NiBM24","chr6","1.0184014838595"
"1239","NiBM24","chr7","0.892482323481948"
"1240","NiBM24","chr8","0.927923359621867"
"1241","NiBM24","chr9","0.956936540860632"
"1242","NiBM24","chr10","0.905727573206069"
"1243","NiBM24","chr11","0.870710407172875"
"1244","NiBM24","chr12","1.71469188314971"
"1245","NiBM24","chr13","0.925043034111065"
"1246","NiBM24","chr14","0.93227338476713"
"1247","NiBM24","chr15","0.929234925294187"
"1248","NiBM24","chr16","0.926493151473943"
"1249","NiBM25","chr1","0.835624661006062"
"1250","NiBM25","chr2","0.739608711166699"
"1251","NiBM25","chr3","0.776844396621884"
"1252","NiBM25","chr4","0.73498717146217"
"1253","NiBM25","chr5","0.760023391154178"
"1254","NiBM25","chr6","0.81741613560511"
"1255","NiBM25","chr7","0.737770989585062"
"1256","NiBM25","chr8","0.782562568953225"
"1257","NiBM25","chr9","0.792170080288338"
"1258","NiBM25","chr10","0.762004128083383"
"1259","NiBM25","chr11","0.749263868936996"
"1260","NiBM25","chr12","1.57068449488344"
"1261","NiBM25","chr13","0.744088586193956"
"1262","NiBM25","chr14","0.741961992009495"
"1263","NiBM25","chr15","0.751218066414571"
"1264","NiBM25","chr16","0.754836682762376"
"1265","NiBM27","chr1","0.796406424840202"
"1266","NiBM27","chr2","0.699595808531695"
"1267","NiBM27","chr3","0.747801114934061"
"1268","NiBM27","chr4","0.683904313138806"
"1269","NiBM27","chr5","0.737078499360478"
"1270","NiBM27","chr6","0.79215745755742"
"1271","NiBM27","chr7","0.695842128073442"
"1272","NiBM27","chr8","0.725528472449748"
"1273","NiBM27","chr9","0.744347774108649"
"1274","NiBM27","chr10","0.721257455207569"
"1275","NiBM27","chr11","0.719258611385238"
"1276","NiBM27","chr12","1.50690048102373"
"1277","NiBM27","chr13","0.697498377972714"
"1278","NiBM27","chr14","0.702233774032692"
"1279","NiBM27","chr15","0.697862993648983"
"1280","NiBM27","chr16","0.709664896278203"
"1281","NiBM28","chr1","0.737144261224535"
"1282","NiBM28","chr2","0.751148590057687"
"1283","NiBM28","chr3","0.726624467240314"
"1284","NiBM28","chr4","0.763961807777684"
"1285","NiBM28","chr5","0.765637551830141"
"1286","NiBM28","chr6","0.74671433195905"
"1287","NiBM28","chr7","0.755037661315565"
"1288","NiBM28","chr8","0.789027839282171"
"1289","NiBM28","chr9","0.763356502367013"
"1290","NiBM28","chr10","0.755590575666014"
"1291","NiBM28","chr11","0.751810881361386"
"1292","NiBM28","chr12","1.83323381478035"
"1293","NiBM28","chr13","0.764801882556428"
"1294","NiBM28","chr14","0.758024623794281"
"1295","NiBM28","chr15","0.76745861626291"
"1296","NiBM28","chr16","0.769630672208691"
"1297","NiBM29","chr1","0.746017707271442"
"1298","NiBM29","chr2","0.667969324566404"
"1299","NiBM29","chr3","0.702517919025654"
"1300","NiBM29","chr4","0.66540169107705"
"1301","NiBM29","chr5","0.701467235328244"
"1302","NiBM29","chr6","0.750774108720114"
"1303","NiBM29","chr7","0.660807649558777"
"1304","NiBM29","chr8","0.706393682676433"
"1305","NiBM29","chr9","0.72137474443954"
"1306","NiBM29","chr10","0.691895993115908"
"1307","NiBM29","chr11","0.677545430940744"
"1308","NiBM29","chr12","1.17937934416611"
"1309","NiBM29","chr13","1.29536348629323"
"1310","NiBM29","chr14","1.29821893649572"
"1311","NiBM29","chr15","0.670103847844861"
"1312","NiBM29","chr16","0.680516428666528"
"1313","NiBM3","chr1","0.778270442240939"
"1314","NiBM3","chr2","0.714110915044387"
"1315","NiBM3","chr3","0.76032539132845"
"1316","NiBM3","chr4","0.704014380548801"
"1317","NiBM3","chr5","0.746142064867207"
"1318","NiBM3","chr6","0.789685623108112"
"1319","NiBM3","chr7","0.704319632749903"
"1320","NiBM3","chr8","0.77164624203932"
"1321","NiBM3","chr9","0.766507287899538"
"1322","NiBM3","chr10","0.73159448256016"
"1323","NiBM3","chr11","0.726237412710171"
"1324","NiBM3","chr12","1.82050939670418"
"1325","NiBM3","chr13","0.716359961544339"
"1326","NiBM3","chr14","0.714642615248364"
"1327","NiBM3","chr15","0.714207177727191"
"1328","NiBM3","chr16","0.720397524474469"
"1329","NiBM4","chr1","0.937102612869901"
"1330","NiBM4","chr2","0.831389417865172"
"1331","NiBM4","chr3","0.884147321946584"
"1332","NiBM4","chr4","0.82262718465673"
"1333","NiBM4","chr5","0.863778565182047"
"1334","NiBM4","chr6","0.945049530943892"
"1335","NiBM4","chr7","0.82585920308714"
"1336","NiBM4","chr8","0.873334263732684"
"1337","NiBM4","chr9","0.889774266436839"
"1338","NiBM4","chr10","0.849350583737303"
"1339","NiBM4","chr11","0.84768433035474"
"1340","NiBM4","chr12","2.04274823074403"
"1341","NiBM4","chr13","0.834649168027132"
"1342","NiBM4","chr14","0.824596982890348"
"1343","NiBM4","chr15","0.834238016372512"
"1344","NiBM4","chr16","0.842515961243251"
"1345","NiBM6","chr1","1.30778085627932"
"1346","NiBM6","chr2","0.65267717782341"
"1347","NiBM6","chr3","0.656559359579876"
"1348","NiBM6","chr4","0.663910751212167"
"1349","NiBM6","chr5","0.665852242062854"
"1350","NiBM6","chr6","0.687032091402791"
"1351","NiBM6","chr7","1.28516446503869"
"1352","NiBM6","chr8","0.699569797052997"
"1353","NiBM6","chr9","0.671261832361997"
"1354","NiBM6","chr10","0.6685764043922"
"1355","NiBM6","chr11","0.657055025385209"
"1356","NiBM6","chr12","1.26607439051648"
"1357","NiBM6","chr13","0.660259776898434"
"1358","NiBM6","chr14","1.27680262927439"
"1359","NiBM6","chr15","0.664369955456827"
"1360","NiBM6","chr16","0.668553134771077"
"1361","NiBM8","chr1","0.805602273936157"
"1362","NiBM8","chr2","0.720081012254879"
"1363","NiBM8","chr3","0.760435892701232"
"1364","NiBM8","chr4","0.711775697239172"
"1365","NiBM8","chr5","0.750939468063333"
"1366","NiBM8","chr6","0.804529876987162"
"1367","NiBM8","chr7","0.717592269618927"
"1368","NiBM8","chr8","0.759882982909538"
"1369","NiBM8","chr9","0.771034110473991"
"1370","NiBM8","chr10","0.744298843279678"
"1371","NiBM8","chr11","0.734554524100189"
"1372","NiBM8","chr12","1.20974786294987"
"1373","NiBM8","chr13","1.40352125647972"
"1374","NiBM8","chr14","0.745186267398023"
"1375","NiBM8","chr15","0.724624882683386"
"1376","NiBM8","chr16","0.733204131994142"
"1377","NiBM9","chr1","0.985753422029365"
"1378","NiBM9","chr2","0.801742086326025"
"1379","NiBM9","chr3","0.931087032614156"
"1380","NiBM9","chr4","0.734121837837352"
"1381","NiBM9","chr5","0.863617836177305"
"1382","NiBM9","chr6","0.987354733215133"
"1383","NiBM9","chr7","0.768580849746322"
"1384","NiBM9","chr8","0.895402583694867"
"1385","NiBM9","chr9","0.923758337617326"
"1386","NiBM9","chr10","0.839171264181892"
"1387","NiBM9","chr11","0.831416577388771"
"1388","NiBM9","chr12","1.2022009930927"
"1389","NiBM9","chr13","0.791130858821812"
"1390","NiBM9","chr14","0.798796949105576"
"1391","NiBM9","chr15","0.774189264081004"
"1392","NiBM9","chr16","0.791800902075274"
"1393","ZnBM11","chr1","0.980128074086169"
"1394","ZnBM11","chr2","0.776170349276376"
"1395","ZnBM11","chr3","0.90972346113769"
"1396","ZnBM11","chr4","0.736877964808316"
"1397","ZnBM11","chr5","0.837101927667995"
"1398","ZnBM11","chr6","0.972447590580578"
"1399","ZnBM11","chr7","0.765274318182433"
"1400","ZnBM11","chr8","0.837656785761142"
"1401","ZnBM11","chr9","0.886357961054364"
"1402","ZnBM11","chr10","0.812206121419945"
"1403","ZnBM11","chr11","0.802106686565051"
"1404","ZnBM11","chr12","1.72542103010516"
"1405","ZnBM11","chr13","0.776130357131503"
"1406","ZnBM11","chr14","0.773317396292567"
"1407","ZnBM11","chr15","0.7678835321018"
"1408","ZnBM11","chr16","0.7784222107116"
"1409","ZnBM12","chr1","0.801664722979279"
"1410","ZnBM12","chr2","0.719254737965996"
"1411","ZnBM12","chr3","0.740019228720591"
"1412","ZnBM12","chr4","0.710624652354914"
"1413","ZnBM12","chr5","0.732629334224305"
"1414","ZnBM12","chr6","0.779788756026292"
"1415","ZnBM12","chr7","0.711314627451085"
"1416","ZnBM12","chr8","0.750876419592623"
"1417","ZnBM12","chr9","0.763619798359721"
"1418","ZnBM12","chr10","0.72587551079275"
"1419","ZnBM12","chr11","0.719153548067344"
"1420","ZnBM12","chr12","1.72916916092672"
"1421","ZnBM12","chr13","0.718498025569752"
"1422","ZnBM12","chr14","0.716197671678936"
"1423","ZnBM12","chr15","0.719957614998763"
"1424","ZnBM12","chr16","0.722265042153828"
"1425","ZnBM15","chr1","0.800545611386301"
"1426","ZnBM15","chr2","0.718246689473718"
"1427","ZnBM15","chr3","0.761745871838452"
"1428","ZnBM15","chr4","0.714462049001209"
"1429","ZnBM15","chr5","0.738200205113923"
"1430","ZnBM15","chr6","0.792934301310513"
"1431","ZnBM15","chr7","0.717998810698257"
"1432","ZnBM15","chr8","0.764180834944806"
"1433","ZnBM15","chr9","0.768387627876973"
"1434","ZnBM15","chr10","0.742001862565129"
"1435","ZnBM15","chr11","0.730956582010542"
"1436","ZnBM15","chr12","1.56406097320222"
"1437","ZnBM15","chr13","0.720256686106286"
"1438","ZnBM15","chr14","0.72003096071999"
"1439","ZnBM15","chr15","0.724309900508915"
"1440","ZnBM15","chr16","0.730654314288795"
"1441","ZnBM16","chr1","0.821279975960578"
"1442","ZnBM16","chr2","0.758310890181733"
"1443","ZnBM16","chr3","0.780762241504639"
"1444","ZnBM16","chr4","0.76092628035815"
"1445","ZnBM16","chr5","0.774645812626964"
"1446","ZnBM16","chr6","0.805946143108599"
"1447","ZnBM16","chr7","0.759911611080116"
"1448","ZnBM16","chr8","0.797608816864518"
"1449","ZnBM16","chr9","0.795055825432061"
"1450","ZnBM16","chr10","0.77647326749848"
"1451","ZnBM16","chr11","0.769843548819037"
"1452","ZnBM16","chr12","1.395330922717"
"1453","ZnBM16","chr13","0.760065761811744"
"1454","ZnBM16","chr14","0.758881243949096"
"1455","ZnBM16","chr15","0.774111988244166"
"1456","ZnBM16","chr16","0.777947119727383"
"1457","ZnBM17","chr1","0.739570682999619"
"1458","ZnBM17","chr2","0.678644523383966"
"1459","ZnBM17","chr3","0.698956580224205"
"1460","ZnBM17","chr4","0.675006682629272"
"1461","ZnBM17","chr5","0.691102302582713"
"1462","ZnBM17","chr6","0.729710907430578"
"1463","ZnBM17","chr7","0.67640975083776"
"1464","ZnBM17","chr8","0.707640443504238"
"1465","ZnBM17","chr9","0.703213075986115"
"1466","ZnBM17","chr10","0.690280565443356"
"1467","ZnBM17","chr11","0.689045345448746"
"1468","ZnBM17","chr12","1.41304616707519"
"1469","ZnBM17","chr13","0.687880150247054"
"1470","ZnBM17","chr14","0.665648952822563"
"1471","ZnBM17","chr15","0.686400401332418"
"1472","ZnBM17","chr16","0.688757782982746"
"1473","ZnBM19","chr1","1.35954492066081"
"1474","ZnBM19","chr2","0.662726835636104"
"1475","ZnBM19","chr3","0.670016962003427"
"1476","ZnBM19","chr4","0.663887560394992"
"1477","ZnBM19","chr5","0.678400936880169"
"1478","ZnBM19","chr6","0.706975808846549"
"1479","ZnBM19","chr7","0.661439373822124"
"1480","ZnBM19","chr8","0.710250325320735"
"1481","ZnBM19","chr9","0.688539508234587"
"1482","ZnBM19","chr10","0.668995902308267"
"1483","ZnBM19","chr11","0.668268576125806"
"1484","ZnBM19","chr12","1.86156329752298"
"1485","ZnBM19","chr13","0.668405659611792"
"1486","ZnBM19","chr14","0.657980689818437"
"1487","ZnBM19","chr15","0.668399924867622"
"1488","ZnBM19","chr16","0.670264783121762"
"1489","ZnBM22","chr1","0.846619887381745"
"1490","ZnBM22","chr2","0.743054399288594"
"1491","ZnBM22","chr3","0.815181227328761"
"1492","ZnBM22","chr4","0.728353265112451"
"1493","ZnBM22","chr5","0.776948342978602"
"1494","ZnBM22","chr6","0.860188337208235"
"1495","ZnBM22","chr7","0.739734456798842"
"1496","ZnBM22","chr8","0.78779572454513"
"1497","ZnBM22","chr9","0.811091055277446"
"1498","ZnBM22","chr10","0.76597908516515"
"1499","ZnBM22","chr11","0.75990270116429"
"1500","ZnBM22","chr12","1.7937919967083"
"1501","ZnBM22","chr13","0.749775123295086"
"1502","ZnBM22","chr14","0.73619707088516"
"1503","ZnBM22","chr15","0.747059976649338"
"1504","ZnBM22","chr16","0.757157596441248"
"1505","ZnBM23","chr1","0.783154570213675"
"1506","ZnBM23","chr2","1.32863714300479"
"1507","ZnBM23","chr3","0.725115979610166"
"1508","ZnBM23","chr4","0.655893262951482"
"1509","ZnBM23","chr5","0.703498031900111"
"1510","ZnBM23","chr6","0.783294121010904"
"1511","ZnBM23","chr7","0.664295146042957"
"1512","ZnBM23","chr8","0.705263826950179"
"1513","ZnBM23","chr9","0.724533797475168"
"1514","ZnBM23","chr10","0.69684140302935"
"1515","ZnBM23","chr11","0.684949982815478"
"1516","ZnBM23","chr12","1.16321058085"
"1517","ZnBM23","chr13","0.671338734586965"
"1518","ZnBM23","chr14","0.669147609311679"
"1519","ZnBM23","chr15","0.675189980000205"
"1520","ZnBM23","chr16","0.680513176549089"
"1521","ZnBM25","chr1","0.843597010160561"
"1522","ZnBM25","chr2","0.747929015760066"
"1523","ZnBM25","chr3","0.799204395895785"
"1524","ZnBM25","chr4","0.723603464385816"
"1525","ZnBM25","chr5","0.773994242856061"
"1526","ZnBM25","chr6","0.845568519484032"
"1527","ZnBM25","chr7","0.734053952703089"
"1528","ZnBM25","chr8","0.783611301475252"
"1529","ZnBM25","chr9","0.814869331010917"
"1530","ZnBM25","chr10","0.760777950662366"
"1531","ZnBM25","chr11","0.756139008552132"
"1532","ZnBM25","chr12","1.63370932615927"
"1533","ZnBM25","chr13","0.741945212090446"
"1534","ZnBM25","chr14","0.738443647794108"
"1535","ZnBM25","chr15","0.739122074141894"
"1536","ZnBM25","chr16","0.748526060945255"
"1537","ZnBM28","chr1","0.870011777435797"
"1538","ZnBM28","chr2","0.725850010301555"
"1539","ZnBM28","chr3","0.822886499349998"
"1540","ZnBM28","chr4","0.694151571867869"
"1541","ZnBM28","chr5","0.768240759037325"
"1542","ZnBM28","chr6","0.87461712462568"
"1543","ZnBM28","chr7","0.704744199517931"
"1544","ZnBM28","chr8","0.784742349338872"
"1545","ZnBM28","chr9","0.80908434103737"
"1546","ZnBM28","chr10","0.743125135955684"
"1547","ZnBM28","chr11","0.740829143234454"
"1548","ZnBM28","chr12","1.57087238573958"
"1549","ZnBM28","chr13","0.722293366834482"
"1550","ZnBM28","chr14","0.720373774936716"
"1551","ZnBM28","chr15","0.712017978270008"
"1552","ZnBM28","chr16","0.718734606481298"
"1553","ZnBM29","chr1","0.968747718480462"
"1554","ZnBM29","chr2","0.614416960409621"
"1555","ZnBM29","chr3","0.838584020526082"
"1556","ZnBM29","chr4","0.548650480777719"
"1557","ZnBM29","chr5","0.697147372206461"
"1558","ZnBM29","chr6","0.939611775297258"
"1559","ZnBM29","chr7","0.576885963686605"
"1560","ZnBM29","chr8","0.717554996968249"
"1561","ZnBM29","chr9","0.779324990410622"
"1562","ZnBM29","chr10","0.650149417614791"
"1563","ZnBM29","chr11","0.651660939826016"
"1564","ZnBM29","chr12","1.2138432144932"
"1565","ZnBM29","chr13","1.17105510612042"
"1566","ZnBM29","chr14","0.619404864978644"
"1567","ZnBM29","chr15","0.582848772973411"
"1568","ZnBM29","chr16","0.59806873373668"
"1569","ZnBM31","chr1","0.797797389054838"
"1570","ZnBM31","chr2","0.730943174907114"
"1571","ZnBM31","chr3","0.764339385695122"
"1572","ZnBM31","chr4","0.717877016355236"
"1573","ZnBM31","chr5","0.758390249070205"
"1574","ZnBM31","chr6","0.802436976616333"
"1575","ZnBM31","chr7","0.720840115297221"
"1576","ZnBM31","chr8","0.766877520206648"
"1577","ZnBM31","chr9","0.768224673262907"
"1578","ZnBM31","chr10","0.744403930668006"
"1579","ZnBM31","chr11","0.737324908828362"
"1580","ZnBM31","chr12","1.58677629938525"
"1581","ZnBM31","chr13","0.73263824165078"
"1582","ZnBM31","chr14","0.727026461308695"
"1583","ZnBM31","chr15","0.732485720471012"
"1584","ZnBM31","chr16","0.743688752673775"
"1585","ZnBM34","chr1","1.00746036820854"
"1586","ZnBM34","chr2","0.724421793256081"
"1587","ZnBM34","chr3","0.915746051099935"
"1588","ZnBM34","chr4","0.678345339298058"
"1589","ZnBM34","chr5","0.796816332279069"
"1590","ZnBM34","chr6","0.993664492432914"
"1591","ZnBM34","chr7","0.710738275462724"
"1592","ZnBM34","chr8","0.798602251402967"
"1593","ZnBM34","chr9","0.866833458265336"
"1594","ZnBM34","chr10","0.771148460676954"
"1595","ZnBM34","chr11","0.765127495797588"
"1596","ZnBM34","chr12","1.15627838985846"
"1597","ZnBM34","chr13","0.730967752662733"
"1598","ZnBM34","chr14","0.723394162121115"
"1599","ZnBM34","chr15","0.724692041705898"
"1600","ZnBM34","chr16","0.722658485927154"
"1601","ZnBM37","chr1","0.819518371912195"
"1602","ZnBM37","chr2","0.725806802552575"
"1603","ZnBM37","chr3","0.768058678880506"
"1604","ZnBM37","chr4","0.714675146177403"
"1605","ZnBM37","chr5","0.752009278101868"
"1606","ZnBM37","chr6","0.827038510244644"
"1607","ZnBM37","chr7","0.717383003271153"
"1608","ZnBM37","chr8","0.760583662560674"
"1609","ZnBM37","chr9","0.776986212535019"
"1610","ZnBM37","chr10","0.743324333379101"
"1611","ZnBM37","chr11","0.737144195970405"
"1612","ZnBM37","chr12","1.67662550958785"
"1613","ZnBM37","chr13","0.722954317638202"
"1614","ZnBM37","chr14","0.720664223845121"
"1615","ZnBM37","chr15","0.725168117189117"
"1616","ZnBM37","chr16","0.740268777536973"
"1617","ZnBM38","chr1","0.903507806875355"
"1618","ZnBM38","chr2","1.35851894107843"
"1619","ZnBM38","chr3","0.852229456584153"
"1620","ZnBM38","chr4","0.647130025911456"
"1621","ZnBM38","chr5","0.768226522829754"
"1622","ZnBM38","chr6","0.893400068307698"
"1623","ZnBM38","chr7","0.669347210093584"
"1624","ZnBM38","chr8","0.775193468592172"
"1625","ZnBM38","chr9","0.815962259150174"
"1626","ZnBM38","chr10","0.731113911484349"
"1627","ZnBM38","chr11","0.724921972712506"
"1628","ZnBM38","chr12","1.40339902062267"
"1629","ZnBM38","chr13","0.688247244446062"
"1630","ZnBM38","chr14","0.687530216415532"
"1631","ZnBM38","chr15","0.677882646244672"
"1632","ZnBM38","chr16","0.683566917694643"
"1633","ZnBM39","chr1","0.885141555196974"
"1634","ZnBM39","chr2","1.38594887510818"
"1635","ZnBM39","chr3","0.828953323162678"
"1636","ZnBM39","chr4","0.626057525287012"
"1637","ZnBM39","chr5","0.764022683130074"
"1638","ZnBM39","chr6","0.877152675113658"
"1639","ZnBM39","chr7","0.670772377008026"
"1640","ZnBM39","chr8","0.787405457340062"
"1641","ZnBM39","chr9","0.804476931084182"
"1642","ZnBM39","chr10","0.733548530806467"
"1643","ZnBM39","chr11","0.736789313297721"
"1644","ZnBM39","chr12","1.33788459481683"
"1645","ZnBM39","chr13","0.691979865287397"
"1646","ZnBM39","chr14","0.698799064182304"
"1647","ZnBM39","chr15","0.675912892577906"
"1648","ZnBM39","chr16","0.692201596887346"
"1649","ZnBM41","chr1","0.751179659020953"
"1650","ZnBM41","chr2","0.693297117003836"
"1651","ZnBM41","chr3","0.71134809058492"
"1652","ZnBM41","chr4","0.685973368487595"
"1653","ZnBM41","chr5","0.71211634498491"
"1654","ZnBM41","chr6","0.759028091986009"
"1655","ZnBM41","chr7","0.691261500582376"
"1656","ZnBM41","chr8","0.726120995901695"
"1657","ZnBM41","chr9","0.737839561249973"
"1658","ZnBM41","chr10","0.71023696963507"
"1659","ZnBM41","chr11","0.703722590705755"
"1660","ZnBM41","chr12","1.53925788570305"
"1661","ZnBM41","chr13","1.35596937755442"
"1662","ZnBM41","chr14","0.687866784875539"
"1663","ZnBM41","chr15","0.698414556609184"
"1664","ZnBM41","chr16","0.70682442322669"
"1665","ZnBM42","chr1","1.00390873785889"
"1666","ZnBM42","chr2","0.770605562414686"
"1667","ZnBM42","chr3","0.947344170729697"
"1668","ZnBM42","chr4","0.680791061020217"
"1669","ZnBM42","chr5","0.851894386020835"
"1670","ZnBM42","chr6","1.00794606331681"
"1671","ZnBM42","chr7","0.730518637719971"
"1672","ZnBM42","chr8","0.870062931048212"
"1673","ZnBM42","chr9","0.915144768890142"
"1674","ZnBM42","chr10","0.803144279451315"
"1675","ZnBM42","chr11","0.822701172495567"
"1676","ZnBM42","chr12","1.26436444925929"
"1677","ZnBM42","chr13","0.751031674856088"
"1678","ZnBM42","chr14","0.771445049338783"
"1679","ZnBM42","chr15","0.733711074574864"
"1680","ZnBM42","chr16","0.754242602805373"
"1681","ZnBM43","chr1","0.87205594842932"
"1682","ZnBM43","chr2","0.658081270811855"
"1683","ZnBM43","chr3","0.802420466195562"
"1684","ZnBM43","chr4","0.613005137610335"
"1685","ZnBM43","chr5","0.722329858466579"
"1686","ZnBM43","chr6","0.861234192136189"
"1687","ZnBM43","chr7","0.635587895222825"
"1688","ZnBM43","chr8","0.733027178624709"
"1689","ZnBM43","chr9","0.772516292544337"
"1690","ZnBM43","chr10","0.688875335709157"
"1691","ZnBM43","chr11","0.683223082146187"
"1692","ZnBM43","chr12","1.18344860555969"
"1693","ZnBM43","chr13","1.27400682053341"
"1694","ZnBM43","chr14","0.659522766346308"
"1695","ZnBM43","chr15","0.638332438186911"
"1696","ZnBM43","chr16","0.653764214697909"
"1697","ZnBM44","chr1","1.60607704544612"
"1698","ZnBM44","chr2","0.705873549887548"
"1699","ZnBM44","chr3","0.777001824190516"
"1700","ZnBM44","chr4","0.690443806213918"
"1701","ZnBM44","chr5","0.735452458088327"
"1702","ZnBM44","chr6","0.839263604725113"
"1703","ZnBM44","chr7","0.698323396273496"
"1704","ZnBM44","chr8","0.758729708683134"
"1705","ZnBM44","chr9","0.759586950932619"
"1706","ZnBM44","chr10","0.722205234334682"
"1707","ZnBM44","chr11","0.720055195114262"
"1708","ZnBM44","chr12","1.29990270426514"
"1709","ZnBM44","chr13","0.702996687181701"
"1710","ZnBM44","chr14","0.70580541986326"
"1711","ZnBM44","chr15","0.708032956992945"
"1712","ZnBM44","chr16","0.71119181840516"
"1713","ZnBM45","chr1","0.766978189849753"
"1714","ZnBM45","chr2","0.704346413139784"
"1715","ZnBM45","chr3","0.728518583379044"
"1716","ZnBM45","chr4","0.699768230176954"
"1717","ZnBM45","chr5","0.728060267286608"
"1718","ZnBM45","chr6","0.759638969162324"
"1719","ZnBM45","chr7","0.705073983149496"
"1720","ZnBM45","chr8","0.733172696666061"
"1721","ZnBM45","chr9","0.750353983176262"
"1722","ZnBM45","chr10","0.717153158899498"
"1723","ZnBM45","chr11","0.716835035901712"
"1724","ZnBM45","chr12","1.59285586567145"
"1725","ZnBM45","chr13","0.706471745611113"
"1726","ZnBM45","chr14","0.701851452704498"
"1727","ZnBM45","chr15","0.712938635400792"
"1728","ZnBM45","chr16","0.721631286028225"
"1729","ZnBM46","chr1","0.727273173643051"
"1730","ZnBM46","chr2","0.623729543862073"
"1731","ZnBM46","chr3","0.685810659414035"
"1732","ZnBM46","chr4","0.608524194806827"
"1733","ZnBM46","chr5","0.686066550583146"
"1734","ZnBM46","chr6","0.685655488844263"
"1735","ZnBM46","chr7","0.616423927023297"
"1736","ZnBM46","chr8","0.63502266845844"
"1737","ZnBM46","chr9","0.674420921945578"
"1738","ZnBM46","chr10","0.62476562318718"
"1739","ZnBM46","chr11","0.578105647487864"
"1740","ZnBM46","chr12","2.04493589340357"
"1741","ZnBM46","chr13","0.640840752035438"
"1742","ZnBM46","chr14","0.66360208900423"
"1743","ZnBM46","chr15","0.651603985612008"
"1744","ZnBM46","chr16","0.653784289128384"
"1745","ZnBM47","chr1","0.599805897154671"
"1746","ZnBM47","chr2","0.592695443429777"
"1747","ZnBM47","chr3","0.58112831435849"
"1748","ZnBM47","chr4","0.606871172342634"
"1749","ZnBM47","chr5","0.606319943493576"
"1750","ZnBM47","chr6","0.594865685963665"
"1751","ZnBM47","chr7","0.600523829384231"
"1752","ZnBM47","chr8","0.625248872369682"
"1753","ZnBM47","chr9","0.61745648110621"
"1754","ZnBM47","chr10","1.18979405714251"
"1755","ZnBM47","chr11","0.596095615411201"
"1756","ZnBM47","chr12","1.72846743044857"
"1757","ZnBM47","chr13","1.18081070348166"
"1758","ZnBM47","chr14","0.595796548409076"
"1759","ZnBM47","chr15","0.603387268121427"
"1760","ZnBM47","chr16","0.610995092474519"
